key,name,roaster,origin_country,origin_region,process,roast_level,is_decaf,decaf_process,acidity,body,sweetness,flavor_tags,source,source_url,collected_at
cqi:arabica_2018:0,Ethiopia guji-hambela metad plc,,Ethiopia,guji-hambela,washed,,false,,5,5,,,cqi,https://github.com/jldbc/coffee-quality-database,2026-09-24
cqi:arabica_2018:1,Ethiopia guji-hambela metad plc,,Ethiopia,guji-hambela,washed,,false,,5,5,,,cqi,https://github.com/jldbc/coffee-quality-database,2026-09-24
cqi:arabica_2018:10,Ethiopia oromia fahem coffee plantation,,Ethiopia,oromia,natural,,false,,5,4,,,cqi,https://github.com/jldbc/coffee-quality-database,2026-09-24
cqi:arabica_2018:100,Kenya,,Kenya,,washed,,false,,4,4,,,cqi,https://github.com/jldbc/coffee-quality-database,2026-09-24
cqi:arabica_2018:1000,Brazil grama valley cachoeira da grama farm,,Brazil,grama valley,honey,,false,,4,2,,,cqi,https://github.com/jldbc/coffee-quality-database,2026-09-24
cqi:arabica_2018:1001,Guatemala norte chapultepec,,Guatemala,norte,washed,,false,,3,1,,,cqi,https://github.com/jldbc/coffee-quality-database,2026-09-24
cqi:arabica_2018:1002,Colombia guayata,,Colombia,guayata,washed,,false,,1,4,,,cqi,https://github.com/jldbc/coffee-quality-database,2026-09-24
cqi:arabica_2018:1003,Guatemala oriente el papaturro,,Guatemala,oriente,washed,,false,,1,3,,,cqi,https://github.com/jldbc/coffee-quality-database,2026-09-24
cqi:arabica_2018:1004,"Taiwan dongshan dist., tainan city 臺南市東山區 jing jing café 晶晶坊青山咖啡教室",,Taiwan,"dongshan dist., tainan city 臺南市東山區",washed,,false,,1,3,,,cqi,https://github.com/jldbc/coffee-quality-database,2026-09-24
cqi:arabica_2018:1005,Honduras san marcos el cerron,,Honduras,san marcos,natural,,false,,2,1,,,cqi,https://github.com/jldbc/coffee-quality-database,2026-09-24
cqi:arabica_2018:1006,Brazil cerrado,,Brazil,cerrado,natural,,false,,4,5,,,cqi,https://github.com/jldbc/coffee-quality-database,2026-09-24
cqi:arabica_2018:1007,"Tanzania, United Republic Of arusha rural cooperative society",,Tanzania,arusha,washed,,false,,2,1,,,cqi,https://github.com/jldbc/coffee-quality-database,2026-09-24
cqi:arabica_2018:1008,Uganda eastern kapchorwa,,Uganda,eastern,natural,,false,,2,2,,,cqi,https://github.com/jldbc/coffee-quality-database,2026-09-24
cqi:arabica_2018:1009,Taiwan nantou taiwan hao ka 台灣好咖莊園,,Taiwan,nantou,semi-washed,,false,,2,2,,,cqi,https://github.com/jldbc/coffee-quality-database,2026-09-24
cqi:arabica_2018:101,Kenya central kenya machure estate,,Kenya,central kenya,washed,,false,,5,5,,,cqi,https://github.com/jldbc/coffee-quality-database,2026-09-24
cqi:arabica_2018:1010,Thailand thailand doi tung development project,,Thailand,thailand,washed,,false,,2,1,,,cqi,https://github.com/jldbc/coffee-quality-database,2026-09-24
cqi:arabica_2018:1011,"Mexico motozintla, chiapas finca el gavilancillo",,Mexico,"motozintla, chiapas",washed,,false,,2,2,,,cqi,https://github.com/jldbc/coffee-quality-database,2026-09-24
cqi:arabica_2018:1012,Mexico adolfo lopez mateos,,Mexico,adolfo lopez mateos,washed,,false,,4,3,,,cqi,https://github.com/jldbc/coffee-quality-database,2026-09-24
cqi:arabica_2018:1013,Taiwan taiwan 八杞莊園,,Taiwan,taiwan,washed,,false,,2,2,,,cqi,https://github.com/jldbc/coffee-quality-database,2026-09-24
cqi:arabica_2018:1014,Guatemala oriente la esperanza,,Guatemala,oriente,washed,,false,,3,4,,,cqi,https://github.com/jldbc/coffee-quality-database,2026-09-24
cqi:arabica_2018:1015,Kenya kiambu thiririka/maara,,Kenya,kiambu,washed,,false,,3,5,,,cqi,https://github.com/jldbc/coffee-quality-database,2026-09-24
cqi:arabica_2018:1016,Mexico veracruz finca monte azúl,,Mexico,veracruz,washed,,false,,2,3,,,cqi,https://github.com/jldbc/coffee-quality-database,2026-09-24
cqi:arabica_2018:1017,Myanmar pyinoolwin sithar coffee farm,,Myanmar,pyinoolwin,,,false,,3,2,,,cqi,https://github.com/jldbc/coffee-quality-database,2026-09-24
cqi:arabica_2018:1018,United States (Hawaii) kona,,United States,kona,natural,,false,,1,3,,,cqi,https://github.com/jldbc/coffee-quality-database,2026-09-24
cqi:arabica_2018:1019,"Tanzania, United Republic Of manyara, karatu karatu estate",,Tanzania,"manyara, karatu",washed,,false,,1,2,,,cqi,https://github.com/jldbc/coffee-quality-database,2026-09-24
cqi:arabica_2018:102,Brazil grama valley sitío são geraldo,,Brazil,grama valley,natural,,false,,5,4,,,cqi,https://github.com/jldbc/coffee-quality-database,2026-09-24
cqi:arabica_2018:1020,Brazil mantiqueira de minas sertao farm,,Brazil,mantiqueira de minas,natural,,false,,1,1,,,cqi,https://github.com/jldbc/coffee-quality-database,2026-09-24
cqi:arabica_2018:1021,Taiwan 台中新社 張文進莊園,,Taiwan,台中新社,washed,,false,,1,1,,,cqi,https://github.com/jldbc/coffee-quality-database,2026-09-24
cqi:arabica_2018:1022,Brazil south of minas rio verde,,Brazil,south of minas,natural,,false,,1,1,,,cqi,https://github.com/jldbc/coffee-quality-database,2026-09-24
cqi:arabica_2018:1023,Nicaragua matagalpa,,Nicaragua,matagalpa,washed,,false,,1,3,,,cqi,https://github.com/jldbc/coffee-quality-database,2026-09-24
cqi:arabica_2018:1024,Guatemala jalapa el morito,,Guatemala,jalapa,washed,,false,,3,1,,,cqi,https://github.com/jldbc/coffee-quality-database,2026-09-24
cqi:arabica_2018:1025,Taiwan taichung taiping 台中市太平區 bi yun si shi yi 碧云四十一咖啡坊,,Taiwan,taichung taiping 台中市太平區,washed,,false,,1,1,,,cqi,https://github.com/jldbc/coffee-quality-database,2026-09-24
cqi:arabica_2018:1026,Taiwan nantou bai he lin coffee 白鶴林咖啡莊園,,Taiwan,nantou,,,false,,1,1,,,cqi,https://github.com/jldbc/coffee-quality-database,2026-09-24
cqi:arabica_2018:1027,Taiwan new taipei zhonghe 新北市中和區 heng lu coffee 橫鹿咖啡,,Taiwan,new taipei zhonghe 新北市中和區,washed,,false,,1,1,,,cqi,https://github.com/jldbc/coffee-quality-database,2026-09-24
cqi:arabica_2018:1028,"Mexico ixhuatlan del cafe olotlan, el plan, criollo garnica",,Mexico,ixhuatlan del cafe,washed,,false,,3,1,,,cqi,https://github.com/jldbc/coffee-quality-database,2026-09-24
cqi:arabica_2018:1029,Thailand doi tung development project,,Thailand,,,,false,,2,1,,,cqi,https://github.com/jldbc/coffee-quality-database,2026-09-24
cqi:arabica_2018:103,Mexico mexico kassandra,,Mexico,mexico,,,false,,5,2,,,cqi,https://github.com/jldbc/coffee-quality-database,2026-09-24
cqi:arabica_2018:1030,"Laos paksong,laos savan coffee bean",,Laos,"paksong,laos",washed,,false,,1,1,,,cqi,https://github.com/jldbc/coffee-quality-database,2026-09-24
cqi:arabica_2018:1031,Guatemala orient several,,Guatemala,orient,washed,,false,,2,1,,,cqi,https://github.com/jldbc/coffee-quality-database,2026-09-24
cqi:arabica_2018:1032,Mexico motozintla la victoria pante nubes,,Mexico,motozintla,semi-washed,,false,,2,1,,,cqi,https://github.com/jldbc/coffee-quality-database,2026-09-24
cqi:arabica_2018:1033,Mexico oaxaca finca santa clara,,Mexico,oaxaca,washed,,false,,2,1,,,cqi,https://github.com/jldbc/coffee-quality-database,2026-09-24
cqi:arabica_2018:1034,Mexico veracruz selva negra,,Mexico,veracruz,washed,,false,,1,1,,,cqi,https://github.com/jldbc/coffee-quality-database,2026-09-24
cqi:arabica_2018:1035,United States (Hawaii) kona,,United States,kona,washed,,false,,1,2,,,cqi,https://github.com/jldbc/coffee-quality-database,2026-09-24
cqi:arabica_2018:1036,Colombia huila,,Colombia,huila,,,false,,1,2,,,cqi,https://github.com/jldbc/coffee-quality-database,2026-09-24
cqi:arabica_2018:1037,Brazil monte carmelo castelhana farm,,Brazil,monte carmelo,natural,,false,,1,1,,,cqi,https://github.com/jldbc/coffee-quality-database,2026-09-24
cqi:arabica_2018:1038,Myanmar ywar ngan myaing,,Myanmar,ywar ngan,washed,,false,,3,3,,,cqi,https://github.com/jldbc/coffee-quality-database,2026-09-24
cqi:arabica_2018:1039,Guatemala huehuetenango finca los cerros y anexos,,Guatemala,huehuetenango,washed,,false,,2,1,,,cqi,https://github.com/jldbc/coffee-quality-database,2026-09-24
cqi:arabica_2018:104,United States (Hawaii) kona kona pacific farmers cooperative,,United States,kona,,,false,,4,5,,,cqi,https://github.com/jldbc/coffee-quality-database,2026-09-24
cqi:arabica_2018:1040,Nicaragua jinotega cafetales santa matilde,,Nicaragua,jinotega,washed,,false,,1,2,,,cqi,https://github.com/jldbc/coffee-quality-database,2026-09-24
cqi:arabica_2018:1041,"Honduras siguatepeque, comayagua juan damaso",,Honduras,"siguatepeque, comayagua",natural,,false,,2,1,,,cqi,https://github.com/jldbc/coffee-quality-database,2026-09-24
cqi:arabica_2018:1042,Panama boquete elida estate,,Panama,boquete,,,false,,2,2,,,cqi,https://github.com/jldbc/coffee-quality-database,2026-09-24
cqi:arabica_2018:1043,Honduras marcala bethel,,Honduras,marcala,washed,,false,,2,1,,,cqi,https://github.com/jldbc/coffee-quality-database,2026-09-24
cqi:arabica_2018:1044,Honduras central region los hicaques,,Honduras,central region,natural,,false,,3,1,,,cqi,https://github.com/jldbc/coffee-quality-database,2026-09-24
cqi:arabica_2018:1045,Costa Rica san ramon several,,Costa Rica,san ramon,washed,,false,,1,1,,,cqi,https://github.com/jldbc/coffee-quality-database,2026-09-24
cqi:arabica_2018:1046,Mexico oaxaca san josé y el portillo,,Mexico,oaxaca,washed,,false,,1,3,,,cqi,https://github.com/jldbc/coffee-quality-database,2026-09-24
cqi:arabica_2018:1047,Haiti haiti 2000 farms,,Haiti,haiti,washed,,false,,1,1,,,cqi,https://github.com/jldbc/coffee-quality-database,2026-09-24
cqi:arabica_2018:1048,United States (Hawaii) kona,,United States,kona,natural,,false,,1,2,,,cqi,https://github.com/jldbc/coffee-quality-database,2026-09-24
cqi:arabica_2018:1049,Taiwan taiwan 胖胖糖,,Taiwan,taiwan,,,false,,1,2,,,cqi,https://github.com/jldbc/coffee-quality-database,2026-09-24
cqi:arabica_2018:105,"Guatemala chuva, san marcos la igualdad",,Guatemala,"chuva, san marcos",,,false,,5,4,,,cqi,https://github.com/jldbc/coffee-quality-database,2026-09-24
cqi:arabica_2018:1050,Indonesia sumatra brastagi darmawi,,Indonesia,sumatra brastagi,semi-washed,,false,,4,3,,,cqi,https://github.com/jldbc/coffee-quality-database,2026-09-24
cqi:arabica_2018:1051,Guatemala antigua finca medina,,Guatemala,antigua,washed,,false,,1,2,,,cqi,https://github.com/jldbc/coffee-quality-database,2026-09-24
cqi:arabica_2018:1052,Costa Rica tarrazu gamboa,,Costa Rica,tarrazu,washed,,false,,4,5,,,cqi,https://github.com/jldbc/coffee-quality-database,2026-09-24
cqi:arabica_2018:1053,Malawi southern- zomba makoka valley estate,,Malawi,southern- zomba,washed,,false,,1,1,,,cqi,https://github.com/jldbc/coffee-quality-database,2026-09-24
cqi:arabica_2018:1054,"Mexico el desmoronado, talpan de allende jalisco el desmoronado, talpan de allende jalisco",,Mexico,"el desmoronado, talpan de allende jalisco",washed,,false,,1,1,,,cqi,https://github.com/jldbc/coffee-quality-database,2026-09-24
cqi:arabica_2018:1055,Colombia santander,,Colombia,santander,natural,,false,,4,3,,,cqi,https://github.com/jldbc/coffee-quality-database,2026-09-24
cqi:arabica_2018:1056,"Guatemala san lucas toliman, solola santo tomas pachuj",,Guatemala,"san lucas toliman, solola",washed,,false,,3,1,,,cqi,https://github.com/jldbc/coffee-quality-database,2026-09-24
cqi:arabica_2018:1057,Guatemala oriente chiquimulja / alpha cafe / senfro,,Guatemala,oriente,washed,,false,,2,1,,,cqi,https://github.com/jldbc/coffee-quality-database,2026-09-24
cqi:arabica_2018:1058,Guatemala oriente chiquimulja / alpha cafe / senfro,,Guatemala,oriente,washed,,false,,1,1,,,cqi,https://github.com/jldbc/coffee-quality-database,2026-09-24
cqi:arabica_2018:1059,Colombia,,Colombia,,,,false,,2,1,,,cqi,https://github.com/jldbc/coffee-quality-database,2026-09-24
cqi:arabica_2018:106,Colombia huila,,Colombia,huila,washed,,false,,5,5,,,cqi,https://github.com/jldbc/coffee-quality-database,2026-09-24
cqi:arabica_2018:1060,Brazil monte carmelo leticia farm,,Brazil,monte carmelo,,,false,,1,3,,,cqi,https://github.com/jldbc/coffee-quality-database,2026-09-24
cqi:arabica_2018:1061,Nicaragua nueva segovia los saltarines,,Nicaragua,nueva segovia,,,false,,1,2,,,cqi,https://github.com/jldbc/coffee-quality-database,2026-09-24
cqi:arabica_2018:1062,"Tanzania, United Republic Of arusha burka coffee estates",,Tanzania,arusha,washed,,false,,2,2,,,cqi,https://github.com/jldbc/coffee-quality-database,2026-09-24
cqi:arabica_2018:1063,Brazil south of minas rio verde,,Brazil,south of minas,semi-washed,,false,,1,1,,,cqi,https://github.com/jldbc/coffee-quality-database,2026-09-24
cqi:arabica_2018:1064,Honduras occidental bsr,,Honduras,occidental,washed,,false,,2,2,,,cqi,https://github.com/jldbc/coffee-quality-database,2026-09-24
cqi:arabica_2018:1065,Guatemala huehuetenango finca el naranjal,,Guatemala,huehuetenango,natural,,false,,3,1,,,cqi,https://github.com/jldbc/coffee-quality-database,2026-09-24
cqi:arabica_2018:1066,United States (Hawaii),,United States,,,,false,,5,5,,,cqi,https://github.com/jldbc/coffee-quality-database,2026-09-24
cqi:arabica_2018:1067,Colombia,,Colombia,,,,false,,3,1,,,cqi,https://github.com/jldbc/coffee-quality-database,2026-09-24
cqi:arabica_2018:1068,Taiwan taiwan 王秋金,,Taiwan,taiwan,natural,,false,,2,1,,,cqi,https://github.com/jldbc/coffee-quality-database,2026-09-24
cqi:arabica_2018:1069,Guatemala santa rosa el guayabo,,Guatemala,santa rosa,washed,,false,,1,1,,,cqi,https://github.com/jldbc/coffee-quality-database,2026-09-24
cqi:arabica_2018:107,Colombia huila,,Colombia,huila,washed,,false,,5,4,,,cqi,https://github.com/jldbc/coffee-quality-database,2026-09-24
cqi:arabica_2018:1070,Honduras ocotepeque la bendicion,,Honduras,ocotepeque,washed,,false,,1,2,,,cqi,https://github.com/jldbc/coffee-quality-database,2026-09-24
cqi:arabica_2018:1071,Mauritius chamarel (south west) case noyale ltd,,Mauritius,chamarel (south west),,,false,,1,1,,,cqi,https://github.com/jldbc/coffee-quality-database,2026-09-24
cqi:arabica_2018:1072,Brazil vale da grama cachoeira da grama farm,,Brazil,vale da grama,semi-washed,,false,,3,2,,,cqi,https://github.com/jldbc/coffee-quality-database,2026-09-24
cqi:arabica_2018:1073,Myanmar pyin oo lwin mixed,,Myanmar,pyin oo lwin,washed,,false,,2,1,,,cqi,https://github.com/jldbc/coffee-quality-database,2026-09-24
cqi:arabica_2018:1074,Guatemala oriente various,,Guatemala,oriente,washed,,false,,3,1,,,cqi,https://github.com/jldbc/coffee-quality-database,2026-09-24
cqi:arabica_2018:1075,Brazil mantiqueira de minas pereira estate coffee,,Brazil,mantiqueira de minas,semi-washed,,false,,2,4,,,cqi,https://github.com/jldbc/coffee-quality-database,2026-09-24
cqi:arabica_2018:1076,United States (Hawaii) kona,,United States,kona,natural,,false,,3,3,,,cqi,https://github.com/jldbc/coffee-quality-database,2026-09-24
cqi:arabica_2018:1077,Guatemala huehuetenango barranca de las flores,,Guatemala,huehuetenango,washed,,false,,4,1,,,cqi,https://github.com/jldbc/coffee-quality-database,2026-09-24
cqi:arabica_2018:1078,Mexico zaragoza itundujia peña negra,,Mexico,zaragoza itundujia,washed,,false,,2,1,,,cqi,https://github.com/jldbc/coffee-quality-database,2026-09-24
cqi:arabica_2018:1079,Honduras marcala bethel,,Honduras,marcala,,,false,,2,2,,,cqi,https://github.com/jldbc/coffee-quality-database,2026-09-24
cqi:arabica_2018:108,Taiwan natou county baishengcun coffee 百勝村咖啡莊園,,Taiwan,natou county,semi-washed,,false,,3,5,,,cqi,https://github.com/jldbc/coffee-quality-database,2026-09-24
cqi:arabica_2018:1080,Taiwan 南投國姓 春風咖啡,,Taiwan,南投國姓,washed,,false,,1,1,,,cqi,https://github.com/jldbc/coffee-quality-database,2026-09-24
cqi:arabica_2018:1081,"El Salvador department of ahuachapan, municipality of apanecallamatepec mountain finca la fany",,El Salvador,"department of ahuachapan, municipality of apanecallamatepec mountain",washed,,false,,1,2,,,cqi,https://github.com/jldbc/coffee-quality-database,2026-09-24
cqi:arabica_2018:1082,China yunnan alicia's farm,,China,yunnan,washed,,false,,1,2,,,cqi,https://github.com/jldbc/coffee-quality-database,2026-09-24
cqi:arabica_2018:1083,Taiwan nantou guoxing farm coffee 國姓農場咖啡,,Taiwan,nantou,washed,,false,,1,1,,,cqi,https://github.com/jldbc/coffee-quality-database,2026-09-24
cqi:arabica_2018:1084,Mexico pochutla copalita,,Mexico,pochutla,washed,,false,,3,2,,,cqi,https://github.com/jldbc/coffee-quality-database,2026-09-24
cqi:arabica_2018:1085,Mexico la concordia,,Mexico,la concordia,washed,,false,,2,1,,,cqi,https://github.com/jldbc/coffee-quality-database,2026-09-24
cqi:arabica_2018:1086,Burundi mumirwa,,Burundi,mumirwa,,,false,,2,1,,,cqi,https://github.com/jldbc/coffee-quality-database,2026-09-24
cqi:arabica_2018:1087,"Tanzania, United Republic Of mkuu rombo delfina farm",,Tanzania,mkuu rombo,washed,,false,,1,2,,,cqi,https://github.com/jldbc/coffee-quality-database,2026-09-24
cqi:arabica_2018:1088,"Tanzania, United Republic Of arusha kongoni estate",,Tanzania,arusha,washed,,false,,1,1,,,cqi,https://github.com/jldbc/coffee-quality-database,2026-09-24
cqi:arabica_2018:1089,Taiwan taichung xinshe 台中市新社區 tokoffee莊園,,Taiwan,taichung xinshe 台中市新社區,,,false,,1,1,,,cqi,https://github.com/jldbc/coffee-quality-database,2026-09-24
cqi:arabica_2018:109,"Tanzania, United Republic Of mbeya hasambo amcos",,Tanzania,mbeya,washed,,false,,5,4,,,cqi,https://github.com/jldbc/coffee-quality-database,2026-09-24
cqi:arabica_2018:1090,Guatemala oriente la castellana,,Guatemala,oriente,washed,,false,,3,1,,,cqi,https://github.com/jldbc/coffee-quality-database,2026-09-24
cqi:arabica_2018:1091,Mexico chilón,,Mexico,chilón,semi-washed,,false,,2,2,,,cqi,https://github.com/jldbc/coffee-quality-database,2026-09-24
cqi:arabica_2018:1092,United States (Hawaii) kona,,United States,kona,washed,,false,,2,4,,,cqi,https://github.com/jldbc/coffee-quality-database,2026-09-24
cqi:arabica_2018:1093,Ethiopia kelem welega,,Ethiopia,kelem welega,,,false,,2,3,,,cqi,https://github.com/jldbc/coffee-quality-database,2026-09-24
cqi:arabica_2018:1094,Brazil cerrado - monte carmelo - minas gerais são rafael_ ra/ras certified,,Brazil,cerrado - monte carmelo - minas gerais,natural,,false,,1,1,,,cqi,https://github.com/jldbc/coffee-quality-database,2026-09-24
cqi:arabica_2018:1095,Honduras comayagua las moras,,Honduras,comayagua,natural,,false,,1,2,,,cqi,https://github.com/jldbc/coffee-quality-database,2026-09-24
cqi:arabica_2018:1096,Mexico sierra madre occidental cortapico,,Mexico,sierra madre occidental,washed,,false,,2,2,,,cqi,https://github.com/jldbc/coffee-quality-database,2026-09-24
cqi:arabica_2018:1097,"Myanmar yauk sauk, shan state waylead farms",,Myanmar,"yauk sauk, shan state",natural,,false,,2,1,,,cqi,https://github.com/jldbc/coffee-quality-database,2026-09-24
cqi:arabica_2018:1098,Myanmar ywar ngan thein kone,,Myanmar,ywar ngan,natural,,false,,1,1,,,cqi,https://github.com/jldbc/coffee-quality-database,2026-09-24
cqi:arabica_2018:1099,Nicaragua matagalpa finca el consuelo,,Nicaragua,matagalpa,washed,,false,,1,3,,,cqi,https://github.com/jldbc/coffee-quality-database,2026-09-24
cqi:arabica_2018:11,United States antioquia el filo,,United States,antioquia,washed,,false,,5,5,,,cqi,https://github.com/jldbc/coffee-quality-database,2026-09-24
cqi:arabica_2018:110,Colombia huila,,Colombia,huila,washed,,false,,4,4,,,cqi,https://github.com/jldbc/coffee-quality-database,2026-09-24
cqi:arabica_2018:1100,United States (Hawaii) kona,,United States,kona,natural,,false,,4,2,,,cqi,https://github.com/jldbc/coffee-quality-database,2026-09-24
cqi:arabica_2018:1101,Colombia,,Colombia,,washed,,false,,4,5,,,cqi,https://github.com/jldbc/coffee-quality-database,2026-09-24
cqi:arabica_2018:1102,Taiwan chiayi fanlu嘉義縣番路鄉 weng hui ling 翁惠鈴,,Taiwan,chiayi fanlu嘉義縣番路鄉,semi-washed,,false,,1,1,,,cqi,https://github.com/jldbc/coffee-quality-database,2026-09-24
cqi:arabica_2018:1103,Guatemala oriente several,,Guatemala,oriente,washed,,false,,2,1,,,cqi,https://github.com/jldbc/coffee-quality-database,2026-09-24
cqi:arabica_2018:1104,"Mexico calnali, hidalgo mirador",,Mexico,"calnali, hidalgo",washed,,false,,1,1,,,cqi,https://github.com/jldbc/coffee-quality-database,2026-09-24
cqi:arabica_2018:1105,Vietnam dala apollo estate,,Vietnam,dala,,,false,,3,2,,,cqi,https://github.com/jldbc/coffee-quality-database,2026-09-24
cqi:arabica_2018:1106,Nicaragua jinotega los mesones,,Nicaragua,jinotega,washed,,false,,2,1,,,cqi,https://github.com/jldbc/coffee-quality-database,2026-09-24
cqi:arabica_2018:1107,Honduras marcala cerro bueno,,Honduras,marcala,washed,,false,,1,1,,,cqi,https://github.com/jldbc/coffee-quality-database,2026-09-24
cqi:arabica_2018:1108,Guatemala oriente el morito,,Guatemala,oriente,washed,,false,,1,1,,,cqi,https://github.com/jldbc/coffee-quality-database,2026-09-24
cqi:arabica_2018:1109,"Mexico coatepec la orduña, coatepec, veracruz",,Mexico,coatepec,washed,,false,,2,1,,,cqi,https://github.com/jldbc/coffee-quality-database,2026-09-24
cqi:arabica_2018:111,Mexico coatepec el suspiro,,Mexico,coatepec,semi-washed,,false,,5,3,,,cqi,https://github.com/jldbc/coffee-quality-database,2026-09-24
cqi:arabica_2018:1110,Mexico zaragoza itundujia el carrizo,,Mexico,zaragoza itundujia,washed,,false,,3,1,,,cqi,https://github.com/jldbc/coffee-quality-database,2026-09-24
cqi:arabica_2018:1111,Mexico veracruz el aguacate,,Mexico,veracruz,washed,,false,,1,1,,,cqi,https://github.com/jldbc/coffee-quality-database,2026-09-24
cqi:arabica_2018:1112,Guatemala oriente agropecuaria quiagral,,Guatemala,oriente,washed,,false,,2,1,,,cqi,https://github.com/jldbc/coffee-quality-database,2026-09-24
cqi:arabica_2018:1113,United States (Hawaii) kona,,United States,kona,,,false,,2,4,,,cqi,https://github.com/jldbc/coffee-quality-database,2026-09-24
cqi:arabica_2018:1114,Brazil mantiqueira de minas,,Brazil,mantiqueira de minas,honey,,false,,1,1,,,cqi,https://github.com/jldbc/coffee-quality-database,2026-09-24
cqi:arabica_2018:1115,Taiwan 苗栗泰安 好自在咖啡莊園,,Taiwan,苗栗泰安,washed,,false,,1,1,,,cqi,https://github.com/jldbc/coffee-quality-database,2026-09-24
cqi:arabica_2018:1116,Nicaragua,,Nicaragua,,natural,,false,,1,1,,,cqi,https://github.com/jldbc/coffee-quality-database,2026-09-24
cqi:arabica_2018:1117,Taiwan yunlin gukeng he bao 雲林縣古坑鄉荷苞村 sheng he shang pin coffee 聖荷上品咖啡坊,,Taiwan,yunlin gukeng he bao 雲林縣古坑鄉荷苞村,,,false,,1,1,,,cqi,https://github.com/jldbc/coffee-quality-database,2026-09-24
cqi:arabica_2018:1118,Taiwan changhua baguashan 彰化市八卦山 a shu she coffee 阿束社咖啡莊園,,Taiwan,changhua baguashan 彰化市八卦山,washed,,false,,1,1,,,cqi,https://github.com/jldbc/coffee-quality-database,2026-09-24
cqi:arabica_2018:1119,Taiwan changhua baguashan 彰化市八卦山 wu kun shan coffee 吳焜山咖啡園,,Taiwan,changhua baguashan 彰化市八卦山,semi-washed,,false,,1,1,,,cqi,https://github.com/jldbc/coffee-quality-database,2026-09-24
cqi:arabica_2018:112,Brazil south of minas fazenda grota funda,,Brazil,south of minas,natural,,false,,4,5,,,cqi,https://github.com/jldbc/coffee-quality-database,2026-09-24
cqi:arabica_2018:1120,Mexico zaragoza itundujia el tabaco,,Mexico,zaragoza itundujia,washed,,false,,1,1,,,cqi,https://github.com/jldbc/coffee-quality-database,2026-09-24
cqi:arabica_2018:1121,Mexico escuitla,,Mexico,escuitla,washed,,false,,1,2,,,cqi,https://github.com/jldbc/coffee-quality-database,2026-09-24
cqi:arabica_2018:1122,Nicaragua jinotega santa matilde,,Nicaragua,jinotega,washed,,false,,1,2,,,cqi,https://github.com/jldbc/coffee-quality-database,2026-09-24
cqi:arabica_2018:1123,"Myanmar doe kwin, pyin oo lwin doe kwin",,Myanmar,"doe kwin, pyin oo lwin",washed,,false,,2,1,,,cqi,https://github.com/jldbc/coffee-quality-database,2026-09-24
cqi:arabica_2018:1124,"Mexico sierra fraylesca, chiapas various",,Mexico,"sierra fraylesca, chiapas",washed,,false,,3,3,,,cqi,https://github.com/jldbc/coffee-quality-database,2026-09-24
cqi:arabica_2018:1125,Taiwan changhua baguashan 彰化市八卦山 zhang li hong coffee 張立宏咖啡莊園,,Taiwan,changhua baguashan 彰化市八卦山,washed,,false,,1,1,,,cqi,https://github.com/jldbc/coffee-quality-database,2026-09-24
cqi:arabica_2018:1126,Thailand thailand doi tung development project,,Thailand,thailand,washed,,false,,2,2,,,cqi,https://github.com/jldbc/coffee-quality-database,2026-09-24
cqi:arabica_2018:1127,"Mexico coatepec la orduña, coatepec, veracruz",,Mexico,coatepec,washed,,false,,1,2,,,cqi,https://github.com/jldbc/coffee-quality-database,2026-09-24
cqi:arabica_2018:1128,"Mexico san miguel del puerto santa clara, california y camila",,Mexico,san miguel del puerto,washed,,false,,2,1,,,cqi,https://github.com/jldbc/coffee-quality-database,2026-09-24
cqi:arabica_2018:1129,"Ethiopia limu phone number | 0911-51-08-01, email | at",,Ethiopia,limu,,,false,,5,4,,,cqi,https://github.com/jldbc/coffee-quality-database,2026-09-24
cqi:arabica_2018:113,Brazil south of minas sitio claro,,Brazil,south of minas,natural,,false,,5,3,,,cqi,https://github.com/jldbc/coffee-quality-database,2026-09-24
cqi:arabica_2018:1130,Colombia huila,,Colombia,huila,washed,,false,,4,5,,,cqi,https://github.com/jldbc/coffee-quality-database,2026-09-24
cqi:arabica_2018:1131,United States (Hawaii) kona,,United States,kona,natural,,false,,1,2,,,cqi,https://github.com/jldbc/coffee-quality-database,2026-09-24
cqi:arabica_2018:1132,Mexico chiapas various,,Mexico,chiapas,washed,,false,,2,2,,,cqi,https://github.com/jldbc/coffee-quality-database,2026-09-24
cqi:arabica_2018:1133,"Mexico motozintla, chiapas finca buenos aires",,Mexico,"motozintla, chiapas",washed,,false,,1,2,,,cqi,https://github.com/jldbc/coffee-quality-database,2026-09-24
cqi:arabica_2018:1134,Mexico veracruz rancho san francisco iii,,Mexico,veracruz,washed,,false,,1,1,,,cqi,https://github.com/jldbc/coffee-quality-database,2026-09-24
cqi:arabica_2018:1135,Mexico jaltenango finca monte grande,,Mexico,jaltenango,washed,,false,,1,3,,,cqi,https://github.com/jldbc/coffee-quality-database,2026-09-24
cqi:arabica_2018:1136,Mexico coatepec finca la orduña,,Mexico,coatepec,natural,,false,,2,1,,,cqi,https://github.com/jldbc/coffee-quality-database,2026-09-24
cqi:arabica_2018:1137,Mexico veracruz finca huehuetecpan,,Mexico,veracruz,washed,,false,,3,2,,,cqi,https://github.com/jldbc/coffee-quality-database,2026-09-24
cqi:arabica_2018:1138,United States (Hawaii) kona,,United States,kona,,,false,,2,3,,,cqi,https://github.com/jldbc/coffee-quality-database,2026-09-24
cqi:arabica_2018:1139,Kenya kiambu yara estate / benvar estate,,Kenya,kiambu,washed,,false,,1,1,,,cqi,https://github.com/jldbc/coffee-quality-database,2026-09-24
cqi:arabica_2018:114,Kenya,,Kenya,,,,false,,5,5,,,cqi,https://github.com/jldbc/coffee-quality-database,2026-09-24
cqi:arabica_2018:1140,Guatemala san marcos piamonte,,Guatemala,san marcos,washed,,false,,2,1,,,cqi,https://github.com/jldbc/coffee-quality-database,2026-09-24
cqi:arabica_2018:1141,Nicaragua jinotega asociación aldea global jinotega,,Nicaragua,jinotega,washed,,false,,1,3,,,cqi,https://github.com/jldbc/coffee-quality-database,2026-09-24
cqi:arabica_2018:1142,Mexico veracruz la cuchilla,,Mexico,veracruz,washed,,false,,1,3,,,cqi,https://github.com/jldbc/coffee-quality-database,2026-09-24
cqi:arabica_2018:1143,United States (Hawaii) kona,,United States,kona,natural,,false,,1,3,,,cqi,https://github.com/jldbc/coffee-quality-database,2026-09-24
cqi:arabica_2018:1144,Guatemala oriente la esperanza,,Guatemala,oriente,washed,,false,,3,2,,,cqi,https://github.com/jldbc/coffee-quality-database,2026-09-24
cqi:arabica_2018:1145,"Taiwan taiwu township , pingtung county 屏東縣泰武鄉 ka-vulungan coffee estate",,Taiwan,"taiwu township , pingtung county 屏東縣泰武鄉",natural,,false,,2,4,,,cqi,https://github.com/jldbc/coffee-quality-database,2026-09-24
cqi:arabica_2018:1146,"Taiwan baihe dist., tainan city 臺南市白河區 baijiada coffee farm佰加達咖啡莊園",,Taiwan,"baihe dist., tainan city 臺南市白河區",washed,,false,,1,1,,,cqi,https://github.com/jldbc/coffee-quality-database,2026-09-24
cqi:arabica_2018:1147,Thailand thailand,,Thailand,thailand,washed,,false,,3,1,,,cqi,https://github.com/jldbc/coffee-quality-database,2026-09-24
cqi:arabica_2018:1148,Peru huanuco,,Peru,huanuco,washed,,false,,1,3,,,cqi,https://github.com/jldbc/coffee-quality-database,2026-09-24
cqi:arabica_2018:1149,Costa Rica brunca several,,Costa Rica,brunca,washed,,false,,4,4,,,cqi,https://github.com/jldbc/coffee-quality-database,2026-09-24
cqi:arabica_2018:115,"Taiwan dongshan dist., tainan city 臺南市東山區 shi fang yuan 十方源",,Taiwan,"dongshan dist., tainan city 臺南市東山區",natural,,false,,5,5,,,cqi,https://github.com/jldbc/coffee-quality-database,2026-09-24
cqi:arabica_2018:1150,"Mexico la concordia, chiapas union ramal santa cruz",,Mexico,"la concordia, chiapas",washed,,false,,1,3,,,cqi,https://github.com/jldbc/coffee-quality-database,2026-09-24
cqi:arabica_2018:1151,Mexico chiapas comonyaj noptic s de ss,,Mexico,chiapas,washed,,false,,3,3,,,cqi,https://github.com/jldbc/coffee-quality-database,2026-09-24
cqi:arabica_2018:1152,Mexico chiapas various,,Mexico,chiapas,washed,,false,,1,1,,,cqi,https://github.com/jldbc/coffee-quality-database,2026-09-24
cqi:arabica_2018:1153,Mexico zaragoza itundujia peña negra,,Mexico,zaragoza itundujia,washed,,false,,1,1,,,cqi,https://github.com/jldbc/coffee-quality-database,2026-09-24
cqi:arabica_2018:1154,Mexico pochutla el vergel,,Mexico,pochutla,washed,,false,,1,1,,,cqi,https://github.com/jldbc/coffee-quality-database,2026-09-24
cqi:arabica_2018:1155,Guatemala antigua genuine antigua medina,,Guatemala,antigua,washed,,false,,2,1,,,cqi,https://github.com/jldbc/coffee-quality-database,2026-09-24
cqi:arabica_2018:1156,Mexico tuxtla gutierrez finca monte grande,,Mexico,tuxtla gutierrez,washed,,false,,1,1,,,cqi,https://github.com/jldbc/coffee-quality-database,2026-09-24
cqi:arabica_2018:1157,Guatemala oriente la esmeralda,,Guatemala,oriente,washed,,false,,3,2,,,cqi,https://github.com/jldbc/coffee-quality-database,2026-09-24
cqi:arabica_2018:1158,El Salvador cacahuatique la montaña,,El Salvador,cacahuatique,washed,,false,,1,2,,,cqi,https://github.com/jldbc/coffee-quality-database,2026-09-24
cqi:arabica_2018:1159,Thailand thailand,,Thailand,thailand,washed,,false,,2,1,,,cqi,https://github.com/jldbc/coffee-quality-database,2026-09-24
cqi:arabica_2018:116,Uganda eastern mt.elgon bugisu shamba 2,,Uganda,eastern,natural,,false,,4,5,,,cqi,https://github.com/jldbc/coffee-quality-database,2026-09-24
cqi:arabica_2018:1160,Guatemala oriente la castellana,,Guatemala,oriente,washed,,false,,1,1,,,cqi,https://github.com/jldbc/coffee-quality-database,2026-09-24
cqi:arabica_2018:1161,"Mexico la concordia, chiapas union ramal santa cruz",,Mexico,"la concordia, chiapas",washed,,false,,3,1,,,cqi,https://github.com/jldbc/coffee-quality-database,2026-09-24
cqi:arabica_2018:1162,"Mexico tenango de doria, hidalgo el encinal",,Mexico,"tenango de doria, hidalgo",washed,,false,,1,1,,,cqi,https://github.com/jldbc/coffee-quality-database,2026-09-24
cqi:arabica_2018:1163,"Mexico coatepec, coatepec consolapa",,Mexico,"coatepec, coatepec",washed,,false,,1,1,,,cqi,https://github.com/jldbc/coffee-quality-database,2026-09-24
cqi:arabica_2018:1164,Thailand doi tung development project,,Thailand,,,,false,,1,1,,,cqi,https://github.com/jldbc/coffee-quality-database,2026-09-24
cqi:arabica_2018:1165,Mexico tepetzingo tepetzingo,,Mexico,tepetzingo,washed,,false,,2,1,,,cqi,https://github.com/jldbc/coffee-quality-database,2026-09-24
cqi:arabica_2018:1166,Mexico la concordia,,Mexico,la concordia,washed,,false,,2,1,,,cqi,https://github.com/jldbc/coffee-quality-database,2026-09-24
cqi:arabica_2018:1167,Colombia huila,,Colombia,huila,,,false,,1,1,,,cqi,https://github.com/jldbc/coffee-quality-database,2026-09-24
cqi:arabica_2018:1168,"Guatemala chuva, san marcos la igualdad",,Guatemala,"chuva, san marcos",,,false,,2,1,,,cqi,https://github.com/jldbc/coffee-quality-database,2026-09-24
cqi:arabica_2018:1169,Nicaragua jinotega las nubes,,Nicaragua,jinotega,natural,,false,,2,1,,,cqi,https://github.com/jldbc/coffee-quality-database,2026-09-24
cqi:arabica_2018:117,United States (Hawaii) kona,,United States,kona,natural,,false,,4,5,,,cqi,https://github.com/jldbc/coffee-quality-database,2026-09-24
cqi:arabica_2018:1170,Taiwan nantou su-zhen huang 黃素真,,Taiwan,nantou,natural,,false,,1,2,,,cqi,https://github.com/jldbc/coffee-quality-database,2026-09-24
cqi:arabica_2018:1171,Colombia cundinamarca,,Colombia,cundinamarca,washed,,false,,2,4,,,cqi,https://github.com/jldbc/coffee-quality-database,2026-09-24
cqi:arabica_2018:1172,Mexico la concordia,,Mexico,la concordia,washed,,false,,1,3,,,cqi,https://github.com/jldbc/coffee-quality-database,2026-09-24
cqi:arabica_2018:1173,"Mexico coatepec, coatepec casa blanca",,Mexico,"coatepec, coatepec",washed,,false,,1,1,,,cqi,https://github.com/jldbc/coffee-quality-database,2026-09-24
cqi:arabica_2018:1174,Guatemala oriente el papaturro,,Guatemala,oriente,washed,,false,,3,2,,,cqi,https://github.com/jldbc/coffee-quality-database,2026-09-24
cqi:arabica_2018:1175,Guatemala oriente various,,Guatemala,oriente,washed,,false,,1,1,,,cqi,https://github.com/jldbc/coffee-quality-database,2026-09-24
cqi:arabica_2018:1176,Mexico xicotepec de juarez cre-leg l-4,,Mexico,xicotepec de juarez,washed,,false,,2,2,,,cqi,https://github.com/jldbc/coffee-quality-database,2026-09-24
cqi:arabica_2018:1177,Cote d?Ivoire cnra station of divo cnra station of divo,,Côte d'Ivoire,cnra station of divo,washed,,false,,1,2,,,cqi,https://github.com/jldbc/coffee-quality-database,2026-09-24
cqi:arabica_2018:1178,Colombia pereira several,,Colombia,pereira,washed,,false,,1,2,,,cqi,https://github.com/jldbc/coffee-quality-database,2026-09-24
cqi:arabica_2018:1179,Mexico zentla el encanto,,Mexico,zentla,washed,,false,,2,2,,,cqi,https://github.com/jldbc/coffee-quality-database,2026-09-24
cqi:arabica_2018:118,Ethiopia sidamo contact | sidacoop@ethionet.net,,Ethiopia,sidamo,,,false,,5,4,,,cqi,https://github.com/jldbc/coffee-quality-database,2026-09-24
cqi:arabica_2018:1180,Mexico zentla la gloria,,Mexico,zentla,washed,,false,,1,1,,,cqi,https://github.com/jldbc/coffee-quality-database,2026-09-24
cqi:arabica_2018:1181,Guatemala oriente conquista / morito,,Guatemala,oriente,washed,,false,,1,3,,,cqi,https://github.com/jldbc/coffee-quality-database,2026-09-24
cqi:arabica_2018:1182,Taiwan natou county baishencun coffee farm百勝村咖啡莊園,,Taiwan,natou county,washed,,false,,1,2,,,cqi,https://github.com/jldbc/coffee-quality-database,2026-09-24
cqi:arabica_2018:1183,Mexico veracruz el aguacate,,Mexico,veracruz,washed,,false,,1,1,,,cqi,https://github.com/jldbc/coffee-quality-database,2026-09-24
cqi:arabica_2018:1184,Guatemala santa rosa las delicias,,Guatemala,santa rosa,washed,,false,,2,3,,,cqi,https://github.com/jldbc/coffee-quality-database,2026-09-24
cqi:arabica_2018:1185,Honduras ocotepeque la bendicion,,Honduras,ocotepeque,washed,,false,,1,1,,,cqi,https://github.com/jldbc/coffee-quality-database,2026-09-24
cqi:arabica_2018:1186,Guatemala occidente chapultepec,,Guatemala,occidente,washed,,false,,2,1,,,cqi,https://github.com/jldbc/coffee-quality-database,2026-09-24
cqi:arabica_2018:1187,Guatemala nuevo oriente el chile,,Guatemala,nuevo oriente,washed,,false,,1,1,,,cqi,https://github.com/jldbc/coffee-quality-database,2026-09-24
cqi:arabica_2018:1188,Costa Rica san rafael,,Costa Rica,san rafael,washed,,false,,5,1,,,cqi,https://github.com/jldbc/coffee-quality-database,2026-09-24
cqi:arabica_2018:1189,Mexico zaragoza itundujia la tejeria,,Mexico,zaragoza itundujia,washed,,false,,1,1,,,cqi,https://github.com/jldbc/coffee-quality-database,2026-09-24
cqi:arabica_2018:119,Ethiopia sidamo contact | sidacoop@ethionet.net,,Ethiopia,sidamo,,,false,,5,5,,,cqi,https://github.com/jldbc/coffee-quality-database,2026-09-24
cqi:arabica_2018:1190,Mexico yajalon el delirio,,Mexico,yajalon,washed,,false,,1,1,,,cqi,https://github.com/jldbc/coffee-quality-database,2026-09-24
cqi:arabica_2018:1191,"Mexico pluma hidalogo, oaxaca various",,Mexico,"pluma hidalogo, oaxaca",,,false,,1,3,,,cqi,https://github.com/jldbc/coffee-quality-database,2026-09-24
cqi:arabica_2018:1192,Guatemala san marcos las merceditas,,Guatemala,san marcos,washed,,false,,2,4,,,cqi,https://github.com/jldbc/coffee-quality-database,2026-09-24
cqi:arabica_2018:1193,United States (Puerto Rico) yauco region hacienda caracolillo,,United States,yauco region,washed,,false,,2,2,,,cqi,https://github.com/jldbc/coffee-quality-database,2026-09-24
cqi:arabica_2018:1194,Mexico zaragoza itundujia huanacaxtle,,Mexico,zaragoza itundujia,washed,,false,,1,2,,,cqi,https://github.com/jldbc/coffee-quality-database,2026-09-24
cqi:arabica_2018:1195,Mexico tlacuilotepec las palmas,,Mexico,tlacuilotepec,washed,,false,,2,2,,,cqi,https://github.com/jldbc/coffee-quality-database,2026-09-24
cqi:arabica_2018:1196,Mexico talpa de allende el desmoronado,,Mexico,talpa de allende,washed,,false,,1,1,,,cqi,https://github.com/jldbc/coffee-quality-database,2026-09-24
cqi:arabica_2018:1197,CQI sample,,,,,,false,,1,3,,,cqi,https://github.com/jldbc/coffee-quality-database,2026-09-24
cqi:arabica_2018:1198,Guatemala oriente various,,Guatemala,oriente,washed,,false,,2,1,,,cqi,https://github.com/jldbc/coffee-quality-database,2026-09-24
cqi:arabica_2018:1199,Honduras intibuca various,,Honduras,intibuca,washed,,false,,1,1,,,cqi,https://github.com/jldbc/coffee-quality-database,2026-09-24
cqi:arabica_2018:12,United States antioquia los cedros,,United States,antioquia,washed,,false,,5,5,,,cqi,https://github.com/jldbc/coffee-quality-database,2026-09-24
cqi:arabica_2018:120,Thailand thailand matsuzawa coffee,,Thailand,thailand,honey,,false,,4,5,,,cqi,https://github.com/jldbc/coffee-quality-database,2026-09-24
cqi:arabica_2018:1200,Peru san ignacio,,Peru,san ignacio,washed,,false,,1,5,,,cqi,https://github.com/jldbc/coffee-quality-database,2026-09-24
cqi:arabica_2018:1201,"Mexico iliatenco, guerrero",,Mexico,"iliatenco, guerrero",natural,,false,,1,1,,,cqi,https://github.com/jldbc/coffee-quality-database,2026-09-24
cqi:arabica_2018:1202,Mexico zaragoza itundujia el sauce,,Mexico,zaragoza itundujia,semi-washed,,false,,3,1,,,cqi,https://github.com/jldbc/coffee-quality-database,2026-09-24
cqi:arabica_2018:1203,Mexico amatenango de la frontera pico del oro,,Mexico,amatenango de la frontera,washed,,false,,1,1,,,cqi,https://github.com/jldbc/coffee-quality-database,2026-09-24
cqi:arabica_2018:1204,"Mexico la concordia, chiapas santa teresa",,Mexico,"la concordia, chiapas",washed,,false,,1,1,,,cqi,https://github.com/jldbc/coffee-quality-database,2026-09-24
cqi:arabica_2018:1205,Mexico zaragoza itundujia la pandora,,Mexico,zaragoza itundujia,washed,,false,,1,1,,,cqi,https://github.com/jldbc/coffee-quality-database,2026-09-24
cqi:arabica_2018:1206,Nicaragua jalapa finca las marías,,Nicaragua,jalapa,,,false,,1,1,,,cqi,https://github.com/jldbc/coffee-quality-database,2026-09-24
cqi:arabica_2018:1207,United States (Hawaii) kona,,United States,kona,natural,,false,,1,3,,,cqi,https://github.com/jldbc/coffee-quality-database,2026-09-24
cqi:arabica_2018:1208,Guatemala oriente la castellana,,Guatemala,oriente,washed,,false,,1,1,,,cqi,https://github.com/jldbc/coffee-quality-database,2026-09-24
cqi:arabica_2018:1209,"Mexico veracruz la patrona, el trebol, la cadena",,Mexico,veracruz,washed,,false,,1,1,,,cqi,https://github.com/jldbc/coffee-quality-database,2026-09-24
cqi:arabica_2018:121,Kenya nyeri karatina,,Kenya,nyeri,washed,,false,,5,4,,,cqi,https://github.com/jldbc/coffee-quality-database,2026-09-24
cqi:arabica_2018:1210,Mexico veracruz el tesoro,,Mexico,veracruz,semi-washed,,false,,1,1,,,cqi,https://github.com/jldbc/coffee-quality-database,2026-09-24
cqi:arabica_2018:1211,"Mexico ohuapan, tlaltetela los encinos",,Mexico,"ohuapan, tlaltetela",washed,,false,,2,3,,,cqi,https://github.com/jldbc/coffee-quality-database,2026-09-24
cqi:arabica_2018:1212,China yunnan alicia's farm,,China,yunnan,washed,,false,,1,1,,,cqi,https://github.com/jldbc/coffee-quality-database,2026-09-24
cqi:arabica_2018:1213,Mexico yecuatla los pinos,,Mexico,yecuatla,washed,,false,,1,1,,,cqi,https://github.com/jldbc/coffee-quality-database,2026-09-24
cqi:arabica_2018:1214,Nicaragua nueva segovia los saltarines,,Nicaragua,nueva segovia,,,false,,1,1,,,cqi,https://github.com/jldbc/coffee-quality-database,2026-09-24
cqi:arabica_2018:1215,Nicaragua,,Nicaragua,,natural,,false,,1,1,,,cqi,https://github.com/jldbc/coffee-quality-database,2026-09-24
cqi:arabica_2018:1216,Guatemala oriente various,,Guatemala,oriente,washed,,false,,3,1,,,cqi,https://github.com/jldbc/coffee-quality-database,2026-09-24
cqi:arabica_2018:1217,"Taiwan dongshan dist., tainan city 臺南市東山區 kan tou mountain coffee 崁頭山咖啡館",,Taiwan,"dongshan dist., tainan city 臺南市東山區",washed,,false,,1,1,,,cqi,https://github.com/jldbc/coffee-quality-database,2026-09-24
cqi:arabica_2018:1218,Mexico tapachula grapos el porvenir,,Mexico,tapachula,washed,,false,,2,1,,,cqi,https://github.com/jldbc/coffee-quality-database,2026-09-24
cqi:arabica_2018:1219,Mexico cofradia de suchitlan cofradia,,Mexico,cofradia de suchitlan,washed,,false,,5,5,,,cqi,https://github.com/jldbc/coffee-quality-database,2026-09-24
cqi:arabica_2018:122,Honduras marcala cerro bueno,,Honduras,marcala,washed,,false,,4,4,,,cqi,https://github.com/jldbc/coffee-quality-database,2026-09-24
cqi:arabica_2018:1220,United States (Hawaii) kona kona farms,,United States,kona,,,false,,2,1,,,cqi,https://github.com/jldbc/coffee-quality-database,2026-09-24
cqi:arabica_2018:1221,"Mexico sierra, chiapas various",,Mexico,"sierra, chiapas",washed,,false,,1,1,,,cqi,https://github.com/jldbc/coffee-quality-database,2026-09-24
cqi:arabica_2018:1222,Mexico villa talea de castro finca sego,,Mexico,villa talea de castro,washed,,false,,1,1,,,cqi,https://github.com/jldbc/coffee-quality-database,2026-09-24
cqi:arabica_2018:1223,Mexico los angeles cerca de los angeles,,Mexico,los angeles,washed,,false,,1,3,,,cqi,https://github.com/jldbc/coffee-quality-database,2026-09-24
cqi:arabica_2018:1224,Brazil monte carmelo santa maria,,Brazil,monte carmelo,natural,,false,,1,1,,,cqi,https://github.com/jldbc/coffee-quality-database,2026-09-24
cqi:arabica_2018:1225,Mexico zaragoza itundujia el naranjo,,Mexico,zaragoza itundujia,washed,,false,,1,2,,,cqi,https://github.com/jldbc/coffee-quality-database,2026-09-24
cqi:arabica_2018:1226,United States (Hawaii) kona,,United States,kona,natural,,false,,5,5,,,cqi,https://github.com/jldbc/coffee-quality-database,2026-09-24
cqi:arabica_2018:1227,Guatemala oriente various,,Guatemala,oriente,washed,,false,,1,1,,,cqi,https://github.com/jldbc/coffee-quality-database,2026-09-24
cqi:arabica_2018:1228,Guatemala oriente el sacramento,,Guatemala,oriente,washed,,false,,1,1,,,cqi,https://github.com/jldbc/coffee-quality-database,2026-09-24
cqi:arabica_2018:1229,"Mexico xochitonalco, huautla llano hermoso",,Mexico,"xochitonalco, huautla",natural,,false,,3,2,,,cqi,https://github.com/jldbc/coffee-quality-database,2026-09-24
cqi:arabica_2018:123,El Salvador santa ana several,,El Salvador,santa ana,,,false,,5,4,,,cqi,https://github.com/jldbc/coffee-quality-database,2026-09-24
cqi:arabica_2018:1230,Guatemala oriente conquista / morito,,Guatemala,oriente,washed,,false,,1,2,,,cqi,https://github.com/jldbc/coffee-quality-database,2026-09-24
cqi:arabica_2018:1231,United States (Hawaii) kona,,United States,kona,natural,,false,,3,3,,,cqi,https://github.com/jldbc/coffee-quality-database,2026-09-24
cqi:arabica_2018:1232,United States (Hawaii) kona,,United States,kona,natural,,false,,3,4,,,cqi,https://github.com/jldbc/coffee-quality-database,2026-09-24
cqi:arabica_2018:1233,Indonesia ijen various,,Indonesia,ijen,washed,,false,,1,1,,,cqi,https://github.com/jldbc/coffee-quality-database,2026-09-24
cqi:arabica_2018:1234,Mexico cordoba,,Mexico,cordoba,washed,,false,,1,1,,,cqi,https://github.com/jldbc/coffee-quality-database,2026-09-24
cqi:arabica_2018:1235,"Taiwan 台南市東山區( dongshan dist., tainan city) 大鋤花間 (hoe vs. flower coffee farm)",,Taiwan,"台南市東山區( dongshan dist., tainan city)",washed,,false,,1,3,,,cqi,https://github.com/jldbc/coffee-quality-database,2026-09-24
cqi:arabica_2018:1236,Honduras intibuca various,,Honduras,intibuca,natural,,false,,1,1,,,cqi,https://github.com/jldbc/coffee-quality-database,2026-09-24
cqi:arabica_2018:1237,United States (Hawaii) kona,,United States,kona,natural,,false,,2,3,,,cqi,https://github.com/jldbc/coffee-quality-database,2026-09-24
cqi:arabica_2018:1238,Guatemala oriente various,,Guatemala,oriente,washed,,false,,2,1,,,cqi,https://github.com/jldbc/coffee-quality-database,2026-09-24
cqi:arabica_2018:1239,China yunnan hani,,China,yunnan,washed,,false,,1,2,,,cqi,https://github.com/jldbc/coffee-quality-database,2026-09-24
cqi:arabica_2018:124,Nicaragua jinotega santa martha,,Nicaragua,jinotega,,,false,,5,4,,,cqi,https://github.com/jldbc/coffee-quality-database,2026-09-24
cqi:arabica_2018:1240,Guatemala oriente la union monte verde,,Guatemala,oriente,washed,,false,,1,1,,,cqi,https://github.com/jldbc/coffee-quality-database,2026-09-24
cqi:arabica_2018:1241,"Mexico motozintla, chiapas finca la fortuna",,Mexico,"motozintla, chiapas",washed,,false,,1,1,,,cqi,https://github.com/jldbc/coffee-quality-database,2026-09-24
cqi:arabica_2018:1242,Colombia,,Colombia,,,,false,,1,4,,,cqi,https://github.com/jldbc/coffee-quality-database,2026-09-24
cqi:arabica_2018:1243,Costa Rica occidental several,,Costa Rica,occidental,washed,,false,,1,1,,,cqi,https://github.com/jldbc/coffee-quality-database,2026-09-24
cqi:arabica_2018:1244,Mexico petatlan el regadito,,Mexico,petatlan,washed,,false,,1,1,,,cqi,https://github.com/jldbc/coffee-quality-database,2026-09-24
cqi:arabica_2018:1245,Guatemala oriente conquista / morito,,Guatemala,oriente,washed,,false,,1,2,,,cqi,https://github.com/jldbc/coffee-quality-database,2026-09-24
cqi:arabica_2018:1246,Nicaragua jinotega el brigadum - la coronela,,Nicaragua,jinotega,,,false,,1,1,,,cqi,https://github.com/jldbc/coffee-quality-database,2026-09-24
cqi:arabica_2018:1247,Brazil,,Brazil,,washed,,false,,1,1,,,cqi,https://github.com/jldbc/coffee-quality-database,2026-09-24
cqi:arabica_2018:1248,Guatemala oriente el sacramento,,Guatemala,oriente,washed,,false,,1,1,,,cqi,https://github.com/jldbc/coffee-quality-database,2026-09-24
cqi:arabica_2018:1249,"Taiwan dongshan dist., tainan city 臺南市東山區 dongshan gaoyuan village chief manor coffee tainan, taiwan 台灣台南東山高原村長莊園咖啡",,Taiwan,"dongshan dist., tainan city 臺南市東山區",washed,,false,,2,2,,,cqi,https://github.com/jldbc/coffee-quality-database,2026-09-24
cqi:arabica_2018:125,El Salvador apaneca monterrey,,El Salvador,apaneca,washed,,false,,5,5,,,cqi,https://github.com/jldbc/coffee-quality-database,2026-09-24
cqi:arabica_2018:1250,United States (Hawaii) kona,,United States,kona,natural,,false,,4,2,,,cqi,https://github.com/jldbc/coffee-quality-database,2026-09-24
cqi:arabica_2018:1251,Mexico coatepec rancho los laureles,,Mexico,coatepec,washed,,false,,1,1,,,cqi,https://github.com/jldbc/coffee-quality-database,2026-09-24
cqi:arabica_2018:1252,Guatemala oriente la esperanza y anexos,,Guatemala,oriente,washed,,false,,1,1,,,cqi,https://github.com/jldbc/coffee-quality-database,2026-09-24
cqi:arabica_2018:1253,Brazil south of minas fazenda capoeirnha,,Brazil,south of minas,natural,,false,,3,3,,,cqi,https://github.com/jldbc/coffee-quality-database,2026-09-24
cqi:arabica_2018:1254,Guatemala oriente various,,Guatemala,oriente,washed,,false,,1,1,,,cqi,https://github.com/jldbc/coffee-quality-database,2026-09-24
cqi:arabica_2018:1255,Mexico zaragoza itundujia el naranjo,,Mexico,zaragoza itundujia,washed,,false,,1,1,,,cqi,https://github.com/jldbc/coffee-quality-database,2026-09-24
cqi:arabica_2018:1256,"Haiti dondon, haiti mixed",,Haiti,"dondon, haiti",washed,,false,,1,1,,,cqi,https://github.com/jldbc/coffee-quality-database,2026-09-24
cqi:arabica_2018:1257,United States (Hawaii) kona,,United States,kona,natural,,false,,1,3,,,cqi,https://github.com/jldbc/coffee-quality-database,2026-09-24
cqi:arabica_2018:1258,"Mexico motozintla, chiapas finca los andes",,Mexico,"motozintla, chiapas",washed,,false,,1,2,,,cqi,https://github.com/jldbc/coffee-quality-database,2026-09-24
cqi:arabica_2018:1259,"Peru san ignacio producer group (approx. 1,000 farmers)",,Peru,san ignacio,washed,,false,,4,5,,,cqi,https://github.com/jldbc/coffee-quality-database,2026-09-24
cqi:arabica_2018:126,"Indonesia temanggung, indonesia sran temanggung plantation",,Indonesia,"temanggung, indonesia",washed,,false,,4,4,,,cqi,https://github.com/jldbc/coffee-quality-database,2026-09-24
cqi:arabica_2018:1260,India chickmangalore,,India,chickmangalore,natural,,false,,1,1,,,cqi,https://github.com/jldbc/coffee-quality-database,2026-09-24
cqi:arabica_2018:1261,"Mexico pluma hidalogo, oaxaca various",,Mexico,"pluma hidalogo, oaxaca",,,false,,1,1,,,cqi,https://github.com/jldbc/coffee-quality-database,2026-09-24
cqi:arabica_2018:1262,Guatemala oriente conquista / morito,,Guatemala,oriente,washed,,false,,2,1,,,cqi,https://github.com/jldbc/coffee-quality-database,2026-09-24
cqi:arabica_2018:1263,Mexico coatepec,,Mexico,coatepec,washed,,false,,1,1,,,cqi,https://github.com/jldbc/coffee-quality-database,2026-09-24
cqi:arabica_2018:1264,Guatemala oriente agropecuaria quiagral,,Guatemala,oriente,washed,,false,,3,1,,,cqi,https://github.com/jldbc/coffee-quality-database,2026-09-24
cqi:arabica_2018:1265,Guatemala oriente conquista / morito,,Guatemala,oriente,washed,,false,,1,1,,,cqi,https://github.com/jldbc/coffee-quality-database,2026-09-24
cqi:arabica_2018:1266,United States (Hawaii) kona,,United States,kona,natural,,false,,1,2,,,cqi,https://github.com/jldbc/coffee-quality-database,2026-09-24
cqi:arabica_2018:1267,United States (Hawaii) kona,,United States,kona,natural,,false,,3,4,,,cqi,https://github.com/jldbc/coffee-quality-database,2026-09-24
cqi:arabica_2018:1268,Mexico zaragoza itundujia agua de la mariposa,,Mexico,zaragoza itundujia,washed,,false,,1,1,,,cqi,https://github.com/jldbc/coffee-quality-database,2026-09-24
cqi:arabica_2018:1269,Indonesia indonesia 1,,Indonesia,indonesia,natural,,false,,1,3,,,cqi,https://github.com/jldbc/coffee-quality-database,2026-09-24
cqi:arabica_2018:127,Japan ada okinawa japan ada farm,,,ada okinawa japan,honey,,false,,2,5,,,cqi,https://github.com/jldbc/coffee-quality-database,2026-09-24
cqi:arabica_2018:1270,Mexico tepictla finca tepictla,,Mexico,tepictla,washed,,false,,1,1,,,cqi,https://github.com/jldbc/coffee-quality-database,2026-09-24
cqi:arabica_2018:1271,Honduras intibuca various,,Honduras,intibuca,natural,,false,,1,1,,,cqi,https://github.com/jldbc/coffee-quality-database,2026-09-24
cqi:arabica_2018:1272,"Philippines benguet, mountain province various",,Philippines,"benguet, mountain province",washed,,false,,1,1,,,cqi,https://github.com/jldbc/coffee-quality-database,2026-09-24
cqi:arabica_2018:1273,Brazil monte carmelo,,Brazil,monte carmelo,natural,,false,,3,1,,,cqi,https://github.com/jldbc/coffee-quality-database,2026-09-24
cqi:arabica_2018:1274,Guatemala oriente agropecuaria quiagral,,Guatemala,oriente,washed,,false,,3,2,,,cqi,https://github.com/jldbc/coffee-quality-database,2026-09-24
cqi:arabica_2018:1275,Guatemala oriente conquista / morito,,Guatemala,oriente,washed,,false,,1,1,,,cqi,https://github.com/jldbc/coffee-quality-database,2026-09-24
cqi:arabica_2018:1276,Mexico tlacuilotepec la joya,,Mexico,tlacuilotepec,washed,,false,,1,1,,,cqi,https://github.com/jldbc/coffee-quality-database,2026-09-24
cqi:arabica_2018:1277,"Mexico ocosingo zaragoza, montelibano, pamal navil",,Mexico,ocosingo,washed,,false,,1,1,,,cqi,https://github.com/jldbc/coffee-quality-database,2026-09-24
cqi:arabica_2018:1278,Mexico finca monte grande,,Mexico,,washed,,false,,1,1,,,cqi,https://github.com/jldbc/coffee-quality-database,2026-09-24
cqi:arabica_2018:1279,Mexico huautla de jimenez peña campana,,Mexico,huautla de jimenez,washed,,false,,1,2,,,cqi,https://github.com/jldbc/coffee-quality-database,2026-09-24
cqi:arabica_2018:128,Costa Rica tarrazu rio jorco,,Costa Rica,tarrazu,washed,,false,,5,3,,,cqi,https://github.com/jldbc/coffee-quality-database,2026-09-24
cqi:arabica_2018:1280,Mexico menglian la cruz,,Mexico,menglian,washed,,false,,1,1,,,cqi,https://github.com/jldbc/coffee-quality-database,2026-09-24
cqi:arabica_2018:1281,Mexico zaragoza itundujia el limón,,Mexico,zaragoza itundujia,washed,,false,,1,1,,,cqi,https://github.com/jldbc/coffee-quality-database,2026-09-24
cqi:arabica_2018:1282,Mexico coatepec la orduña,,Mexico,coatepec,washed,,false,,1,3,,,cqi,https://github.com/jldbc/coffee-quality-database,2026-09-24
cqi:arabica_2018:1283,Guatemala oriente conquista / morito,,Guatemala,oriente,washed,,false,,1,1,,,cqi,https://github.com/jldbc/coffee-quality-database,2026-09-24
cqi:arabica_2018:1284,Guatemala oriente conquista / morito,,Guatemala,oriente,washed,,false,,1,1,,,cqi,https://github.com/jldbc/coffee-quality-database,2026-09-24
cqi:arabica_2018:1285,Mexico chiapas sierra madre,,Mexico,chiapas,washed,,false,,3,2,,,cqi,https://github.com/jldbc/coffee-quality-database,2026-09-24
cqi:arabica_2018:1286,United States (Hawaii) kona,,United States,kona,natural,,false,,1,2,,,cqi,https://github.com/jldbc/coffee-quality-database,2026-09-24
cqi:arabica_2018:1287,Guatemala oriente la castellana,,Guatemala,oriente,washed,,false,,3,2,,,cqi,https://github.com/jldbc/coffee-quality-database,2026-09-24
cqi:arabica_2018:1288,"Mexico chocaman, veracruz las ceibas",,Mexico,"chocaman, veracruz",washed,,false,,1,1,,,cqi,https://github.com/jldbc/coffee-quality-database,2026-09-24
cqi:arabica_2018:1289,Mexico xalapa la marina-el orizabeño,,Mexico,xalapa,washed,,false,,2,1,,,cqi,https://github.com/jldbc/coffee-quality-database,2026-09-24
cqi:arabica_2018:129,Guatemala acatenango san diego buena vista,,Guatemala,acatenango,washed,,false,,5,5,,,cqi,https://github.com/jldbc/coffee-quality-database,2026-09-24
cqi:arabica_2018:1290,Mexico coatepec rancho vigia,,Mexico,coatepec,washed,,false,,3,2,,,cqi,https://github.com/jldbc/coffee-quality-database,2026-09-24
cqi:arabica_2018:1291,United States (Hawaii) kona,,United States,kona,natural,,false,,3,4,,,cqi,https://github.com/jldbc/coffee-quality-database,2026-09-24
cqi:arabica_2018:1292,Brazil campos altos - cerrado,,Brazil,campos altos - cerrado,,,false,,1,1,,,cqi,https://github.com/jldbc/coffee-quality-database,2026-09-24
cqi:arabica_2018:1293,Honduras intibuca various,,Honduras,intibuca,washed,,false,,1,1,,,cqi,https://github.com/jldbc/coffee-quality-database,2026-09-24
cqi:arabica_2018:1294,Mexico sierra alta mixe y zapoteca various,,Mexico,sierra alta mixe y zapoteca,washed,,false,,1,1,,,cqi,https://github.com/jldbc/coffee-quality-database,2026-09-24
cqi:arabica_2018:1295,Colombia,,Colombia,,natural,,false,,2,2,,,cqi,https://github.com/jldbc/coffee-quality-database,2026-09-24
cqi:arabica_2018:1296,United States (Hawaii) kona,,United States,kona,natural,,false,,3,3,,,cqi,https://github.com/jldbc/coffee-quality-database,2026-09-24
cqi:arabica_2018:1297,Haiti marmelade 2000 farmers,,Haiti,marmelade,,,false,,1,2,,,cqi,https://github.com/jldbc/coffee-quality-database,2026-09-24
cqi:arabica_2018:1298,Costa Rica occidental several,,Costa Rica,occidental,washed,,false,,1,1,,,cqi,https://github.com/jldbc/coffee-quality-database,2026-09-24
cqi:arabica_2018:1299,Mexico tlatlauquitepec la vuelta,,Mexico,tlatlauquitepec,washed,,false,,1,1,,,cqi,https://github.com/jldbc/coffee-quality-database,2026-09-24
cqi:arabica_2018:13,United States (Hawaii) kona arianna farms,,United States,kona,,,false,,5,5,,,cqi,https://github.com/jldbc/coffee-quality-database,2026-09-24
cqi:arabica_2018:130,Costa Rica tarrazu coopetarrazú,,Costa Rica,tarrazu,washed,,false,,1,5,,,cqi,https://github.com/jldbc/coffee-quality-database,2026-09-24
cqi:arabica_2018:1300,Mexico veracruz la morena,,Mexico,veracruz,washed,,false,,1,2,,,cqi,https://github.com/jldbc/coffee-quality-database,2026-09-24
cqi:arabica_2018:1301,"Mexico sierra norte yajalon, chiapas various",,Mexico,"sierra norte yajalon, chiapas",washed,,false,,1,2,,,cqi,https://github.com/jldbc/coffee-quality-database,2026-09-24
cqi:arabica_2018:1302,Brazil cerrado,,Brazil,cerrado,natural,,false,,1,2,,,cqi,https://github.com/jldbc/coffee-quality-database,2026-09-24
cqi:arabica_2018:1303,Honduras marcala cerro bueno,,Honduras,marcala,washed,,false,,1,1,,,cqi,https://github.com/jldbc/coffee-quality-database,2026-09-24
cqi:arabica_2018:1304,Honduras marcala cerro bueno,,Honduras,marcala,washed,,false,,1,1,,,cqi,https://github.com/jldbc/coffee-quality-database,2026-09-24
cqi:arabica_2018:1305,Honduras marcala cerro bueno,,Honduras,marcala,washed,,false,,1,1,,,cqi,https://github.com/jldbc/coffee-quality-database,2026-09-24
cqi:arabica_2018:1306,Mexico juchique de ferrer el centenario,,Mexico,juchique de ferrer,washed,,false,,2,1,,,cqi,https://github.com/jldbc/coffee-quality-database,2026-09-24
cqi:arabica_2018:1307,"Haiti department d'artibonite , haiti 200 farms",,Haiti,"department d'artibonite , haiti",natural,,false,,1,1,,,cqi,https://github.com/jldbc/coffee-quality-database,2026-09-24
cqi:arabica_2018:1308,Nicaragua jalapa finca las marías,,Nicaragua,jalapa,,,false,,1,1,,,cqi,https://github.com/jldbc/coffee-quality-database,2026-09-24
cqi:arabica_2018:1309,Guatemala nuevo oriente finca el limon,,Guatemala,nuevo oriente,washed,,false,,4,2,,,cqi,https://github.com/jldbc/coffee-quality-database,2026-09-24
cqi:arabica_2018:131,Ethiopia yirgacheffe moplaco,,Ethiopia,yirgacheffe,washed,,false,,5,3,,,cqi,https://github.com/jldbc/coffee-quality-database,2026-09-24
cqi:arabica_2018:1310,Honduras comayagua los hicaques,,Honduras,comayagua,,,false,,1,1,,,cqi,https://github.com/jldbc/coffee-quality-database,2026-09-24
cqi:arabica_2018:132,Costa Rica costa rica finca salaca las brisas,,Costa Rica,costa rica,,,false,,4,4,,,cqi,https://github.com/jldbc/coffee-quality-database,2026-09-24
cqi:arabica_2018:133,Costa Rica west valley various,,Costa Rica,west valley,washed,,false,,4,4,,,cqi,https://github.com/jldbc/coffee-quality-database,2026-09-24
cqi:arabica_2018:134,Costa Rica,,Costa Rica,,washed,,false,,5,5,,,cqi,https://github.com/jldbc/coffee-quality-database,2026-09-24
cqi:arabica_2018:135,Taiwan taichung xinshe 台中市新社區 dragon 龍咖啡,,Taiwan,taichung xinshe 台中市新社區,washed,,false,,4,4,,,cqi,https://github.com/jldbc/coffee-quality-database,2026-09-24
cqi:arabica_2018:136,Colombia santander,,Colombia,santander,washed,,false,,5,4,,,cqi,https://github.com/jldbc/coffee-quality-database,2026-09-24
cqi:arabica_2018:137,Kenya nyeri,,Kenya,nyeri,washed,,false,,5,3,,,cqi,https://github.com/jldbc/coffee-quality-database,2026-09-24
cqi:arabica_2018:138,Guatemala oriente agropecuaria quiagral,,Guatemala,oriente,washed,,false,,5,4,,,cqi,https://github.com/jldbc/coffee-quality-database,2026-09-24
cqi:arabica_2018:139,Guatemala acatenango valparaiso,,Guatemala,acatenango,washed,,false,,5,4,,,cqi,https://github.com/jldbc/coffee-quality-database,2026-09-24
cqi:arabica_2018:14,Ethiopia oromiya aolme,,Ethiopia,oromiya,,,false,,5,5,,,cqi,https://github.com/jldbc/coffee-quality-database,2026-09-24
cqi:arabica_2018:140,"Mexico el remudadero el nogal, la higuera, los laureles",,Mexico,el remudadero,washed,,false,,5,5,,,cqi,https://github.com/jldbc/coffee-quality-database,2026-09-24
cqi:arabica_2018:141,Uganda mbale,,Uganda,mbale,washed,,false,,5,4,,,cqi,https://github.com/jldbc/coffee-quality-database,2026-09-24
cqi:arabica_2018:142,"Peru penachi, cecanor",,Peru,"penachi, cecanor",,,false,,4,5,,,cqi,https://github.com/jldbc/coffee-quality-database,2026-09-24
cqi:arabica_2018:143,Ethiopia sidamo contact | sidacoop@ethionet.net,,Ethiopia,sidamo,,,false,,5,5,,,cqi,https://github.com/jldbc/coffee-quality-database,2026-09-24
cqi:arabica_2018:144,Kenya nyeri jungle estate,,Kenya,nyeri,washed,,false,,4,3,,,cqi,https://github.com/jldbc/coffee-quality-database,2026-09-24
cqi:arabica_2018:145,Colombia santander,,Colombia,santander,washed,,false,,5,4,,,cqi,https://github.com/jldbc/coffee-quality-database,2026-09-24
cqi:arabica_2018:146,Colombia huila,,Colombia,huila,washed,,false,,5,5,,,cqi,https://github.com/jldbc/coffee-quality-database,2026-09-24
cqi:arabica_2018:147,Kenya nyeri blend,,Kenya,nyeri,washed,,false,,4,3,,,cqi,https://github.com/jldbc/coffee-quality-database,2026-09-24
cqi:arabica_2018:148,Guatemala jalapa el morito,,Guatemala,jalapa,washed,,false,,5,4,,,cqi,https://github.com/jldbc/coffee-quality-database,2026-09-24
cqi:arabica_2018:149,Guatemala oriente el papaturro,,Guatemala,oriente,washed,,false,,3,3,,,cqi,https://github.com/jldbc/coffee-quality-database,2026-09-24
cqi:arabica_2018:15,United States antioquia el águila,,United States,antioquia,washed,,false,,5,5,,,cqi,https://github.com/jldbc/coffee-quality-database,2026-09-24
cqi:arabica_2018:150,Colombia santander,,Colombia,santander,washed,,false,,4,3,,,cqi,https://github.com/jldbc/coffee-quality-database,2026-09-24
cqi:arabica_2018:151,Colombia huila,,Colombia,huila,washed,,false,,4,3,,,cqi,https://github.com/jldbc/coffee-quality-database,2026-09-24
cqi:arabica_2018:152,Kenya,,Kenya,,washed,,false,,5,4,,,cqi,https://github.com/jldbc/coffee-quality-database,2026-09-24
cqi:arabica_2018:153,Colombia huila,,Colombia,huila,washed,,false,,5,3,,,cqi,https://github.com/jldbc/coffee-quality-database,2026-09-24
cqi:arabica_2018:154,Costa Rica tres rios la chaparral,,Costa Rica,tres rios,semi-washed,,false,,5,5,,,cqi,https://github.com/jldbc/coffee-quality-database,2026-09-24
cqi:arabica_2018:155,Colombia huila various,,Colombia,huila,washed,,false,,4,5,,,cqi,https://github.com/jldbc/coffee-quality-database,2026-09-24
cqi:arabica_2018:156,Brazil vale da grama fazenda recreio,,Brazil,vale da grama,semi-washed,,false,,4,3,,,cqi,https://github.com/jldbc/coffee-quality-database,2026-09-24
cqi:arabica_2018:157,Brazil mountains of minas gerais fazenda vista alegre,,Brazil,mountains of minas gerais,semi-washed,,false,,4,3,,,cqi,https://github.com/jldbc/coffee-quality-database,2026-09-24
cqi:arabica_2018:158,Costa Rica valle central,,Costa Rica,valle central,washed,,false,,4,4,,,cqi,https://github.com/jldbc/coffee-quality-database,2026-09-24
cqi:arabica_2018:159,Uganda eastern uganda kawacom sipi project,,Uganda,eastern uganda,washed,,false,,4,5,,,cqi,https://github.com/jldbc/coffee-quality-database,2026-09-24
cqi:arabica_2018:16,Indonesia sulawesi toarco jaya,,Indonesia,sulawesi,,,false,,4,5,,,cqi,https://github.com/jldbc/coffee-quality-database,2026-09-24
cqi:arabica_2018:160,China yunnan menglian ban’an coffee processing factory,,China,yunnan,washed,,false,,5,4,,,cqi,https://github.com/jldbc/coffee-quality-database,2026-09-24
cqi:arabica_2018:161,Costa Rica tarrazu coopetarrazú,,Costa Rica,tarrazu,washed,,false,,5,3,,,cqi,https://github.com/jldbc/coffee-quality-database,2026-09-24
cqi:arabica_2018:162,Colombia cauca,,Colombia,cauca,washed,,false,,5,4,,,cqi,https://github.com/jldbc/coffee-quality-database,2026-09-24
cqi:arabica_2018:163,"China yunnan puer jiangcheng fuwang coffee biotechnology co., ltd",,China,yunnan,washed,,false,,5,4,,,cqi,https://github.com/jldbc/coffee-quality-database,2026-09-24
cqi:arabica_2018:164,Guatemala oriente el sacramento,,Guatemala,oriente,washed,,false,,5,4,,,cqi,https://github.com/jldbc/coffee-quality-database,2026-09-24
cqi:arabica_2018:165,Kenya nyeri rumukia farmers,,Kenya,nyeri,washed,,false,,5,4,,,cqi,https://github.com/jldbc/coffee-quality-database,2026-09-24
cqi:arabica_2018:166,Mexico hustusco la barranca,,Mexico,hustusco,washed,,false,,5,3,,,cqi,https://github.com/jldbc/coffee-quality-database,2026-09-24
cqi:arabica_2018:167,Mexico jaltenango finca el retiro,,Mexico,jaltenango,washed,,false,,4,4,,,cqi,https://github.com/jldbc/coffee-quality-database,2026-09-24
cqi:arabica_2018:168,"Guatemala el tumbador, san marcos nueva granada",,Guatemala,"el tumbador, san marcos",washed,,false,,5,3,,,cqi,https://github.com/jldbc/coffee-quality-database,2026-09-24
cqi:arabica_2018:169,Brazil mmm,,Brazil,mmm,,,false,,4,2,,,cqi,https://github.com/jldbc/coffee-quality-database,2026-09-24
cqi:arabica_2018:17,Ethiopia yirgacheffe,,Ethiopia,yirgacheffe,,,false,,5,5,,,cqi,https://github.com/jldbc/coffee-quality-database,2026-09-24
cqi:arabica_2018:170,Brazil test,,Brazil,test,,,false,,4,4,,,cqi,https://github.com/jldbc/coffee-quality-database,2026-09-24
cqi:arabica_2018:171,Costa Rica tarrazu several farmers,,Costa Rica,tarrazu,washed,,false,,5,4,,,cqi,https://github.com/jldbc/coffee-quality-database,2026-09-24
cqi:arabica_2018:172,Indonesia sumatra brastagi darmawi,,Indonesia,sumatra brastagi,,,false,,3,5,,,cqi,https://github.com/jldbc/coffee-quality-database,2026-09-24
cqi:arabica_2018:173,Colombia pitalito,,Colombia,pitalito,natural,,false,,4,5,,,cqi,https://github.com/jldbc/coffee-quality-database,2026-09-24
cqi:arabica_2018:174,Colombia huila,,Colombia,huila,washed,,false,,5,4,,,cqi,https://github.com/jldbc/coffee-quality-database,2026-09-24
cqi:arabica_2018:175,"Taiwan mountain ali, taiwan tropica galliard",,Taiwan,"mountain ali, taiwan",washed,,false,,5,3,,,cqi,https://github.com/jldbc/coffee-quality-database,2026-09-24
cqi:arabica_2018:176,United States (Hawaii) kona,,United States,kona,natural,,false,,5,3,,,cqi,https://github.com/jldbc/coffee-quality-database,2026-09-24
cqi:arabica_2018:177,Mexico tapachula finca la chiripa,,Mexico,tapachula,washed,,false,,4,5,,,cqi,https://github.com/jldbc/coffee-quality-database,2026-09-24
cqi:arabica_2018:178,Ethiopia limu phone number | 0911-513824 email: gmt.ft,,Ethiopia,limu,,,false,,5,5,,,cqi,https://github.com/jldbc/coffee-quality-database,2026-09-24
cqi:arabica_2018:179,Kenya nyeri kigwandi,,Kenya,nyeri,washed,,false,,4,4,,,cqi,https://github.com/jldbc/coffee-quality-database,2026-09-24
cqi:arabica_2018:18,China yunnan echo coffee,,China,yunnan,washed,,false,,5,5,,,cqi,https://github.com/jldbc/coffee-quality-database,2026-09-24
cqi:arabica_2018:180,Honduras comayagua las cuchillas,,Honduras,comayagua,,,false,,4,4,,,cqi,https://github.com/jldbc/coffee-quality-database,2026-09-24
cqi:arabica_2018:181,Colombia huila,,Colombia,huila,washed,,false,,5,4,,,cqi,https://github.com/jldbc/coffee-quality-database,2026-09-24
cqi:arabica_2018:182,Honduras central region los hicaques,,Honduras,central region,washed,,false,,4,5,,,cqi,https://github.com/jldbc/coffee-quality-database,2026-09-24
cqi:arabica_2018:183,Colombia la plata,,Colombia,la plata,,,false,,5,4,,,cqi,https://github.com/jldbc/coffee-quality-database,2026-09-24
cqi:arabica_2018:184,Colombia huila,,Colombia,huila,natural,,false,,4,5,,,cqi,https://github.com/jldbc/coffee-quality-database,2026-09-24
cqi:arabica_2018:185,Colombia huila,,Colombia,huila,washed,,false,,5,3,,,cqi,https://github.com/jldbc/coffee-quality-database,2026-09-24
cqi:arabica_2018:186,Mexico tuxtla gutierrez la distancia,,Mexico,tuxtla gutierrez,washed,,false,,5,3,,,cqi,https://github.com/jldbc/coffee-quality-database,2026-09-24
cqi:arabica_2018:187,Brazil vale da grama santa alina,,Brazil,vale da grama,,,false,,4,3,,,cqi,https://github.com/jldbc/coffee-quality-database,2026-09-24
cqi:arabica_2018:188,Brazil south of minas fazenda baipendi,,Brazil,south of minas,,,false,,3,4,,,cqi,https://github.com/jldbc/coffee-quality-database,2026-09-24
cqi:arabica_2018:189,Ethiopia limu,,Ethiopia,limu,,,false,,4,3,,,cqi,https://github.com/jldbc/coffee-quality-database,2026-09-24
cqi:arabica_2018:19,Ethiopia gedio drima zede,,Ethiopia,gedio,natural,,false,,5,5,,,cqi,https://github.com/jldbc/coffee-quality-database,2026-09-24
cqi:arabica_2018:190,Guatemala nuevo oriente las minas,,Guatemala,nuevo oriente,,,false,,4,5,,,cqi,https://github.com/jldbc/coffee-quality-database,2026-09-24
cqi:arabica_2018:191,Taiwan 國姓鄉 guoshing township 馨晴咖啡 good mood coffee,,Taiwan,國姓鄉 guoshing township,washed,,false,,4,4,,,cqi,https://github.com/jldbc/coffee-quality-database,2026-09-24
cqi:arabica_2018:192,Thailand chiang rai thailand matsuzawa coffee,,Thailand,chiang rai thailand,natural,,false,,2,5,,,cqi,https://github.com/jldbc/coffee-quality-database,2026-09-24
cqi:arabica_2018:193,Colombia nariño,,Colombia,nariño,natural,,false,,3,4,,,cqi,https://github.com/jldbc/coffee-quality-database,2026-09-24
cqi:arabica_2018:194,Guatemala antigua finca medina,,Guatemala,antigua,washed,,false,,5,4,,,cqi,https://github.com/jldbc/coffee-quality-database,2026-09-24
cqi:arabica_2018:195,Guatemala huehuetenango finca san vicente,,Guatemala,huehuetenango,washed,,false,,5,3,,,cqi,https://github.com/jldbc/coffee-quality-database,2026-09-24
cqi:arabica_2018:196,China yunnan menglian county nayun town mangzhang coffee farm,,China,yunnan,natural,,false,,4,4,,,cqi,https://github.com/jldbc/coffee-quality-database,2026-09-24
cqi:arabica_2018:197,Colombia huila,,Colombia,huila,washed,,false,,4,4,,,cqi,https://github.com/jldbc/coffee-quality-database,2026-09-24
cqi:arabica_2018:198,Colombia huila,,Colombia,huila,washed,,false,,3,5,,,cqi,https://github.com/jldbc/coffee-quality-database,2026-09-24
cqi:arabica_2018:199,Colombia cauca,,Colombia,cauca,washed,,false,,3,4,,,cqi,https://github.com/jldbc/coffee-quality-database,2026-09-24
cqi:arabica_2018:2,"Guatemala san marcos barrancas ""san cristobal cuch",,Guatemala,,,,false,,5,5,,,cqi,https://github.com/jldbc/coffee-quality-database,2026-09-24
cqi:arabica_2018:20,United States antioquia el rodeo,,United States,antioquia,washed,,false,,5,5,,,cqi,https://github.com/jldbc/coffee-quality-database,2026-09-24
cqi:arabica_2018:200,Colombia huila,,Colombia,huila,natural,,false,,4,5,,,cqi,https://github.com/jldbc/coffee-quality-database,2026-09-24
cqi:arabica_2018:201,"Tanzania, United Republic Of shizingo village jacksom mwasenga",,Tanzania,shizingo village,washed,,false,,5,4,,,cqi,https://github.com/jldbc/coffee-quality-database,2026-09-24
cqi:arabica_2018:202,"Tanzania, United Republic Of mbeya suma jkt itende",,Tanzania,mbeya,washed,,false,,4,4,,,cqi,https://github.com/jldbc/coffee-quality-database,2026-09-24
cqi:arabica_2018:203,Guatemala oriente el papaturro,,Guatemala,oriente,,,false,,5,3,,,cqi,https://github.com/jldbc/coffee-quality-database,2026-09-24
cqi:arabica_2018:204,Colombia cauca,,Colombia,cauca,washed,,false,,5,5,,,cqi,https://github.com/jldbc/coffee-quality-database,2026-09-24
cqi:arabica_2018:205,United States (Hawaii) kona,,United States,kona,natural,,false,,5,5,,,cqi,https://github.com/jldbc/coffee-quality-database,2026-09-24
cqi:arabica_2018:206,Mexico san pedro cotzilnam pante carajillo,,Mexico,san pedro cotzilnam,semi-washed,,false,,5,3,,,cqi,https://github.com/jldbc/coffee-quality-database,2026-09-24
cqi:arabica_2018:207,Mexico veracruz finca los barreales,,Mexico,veracruz,washed,,false,,4,5,,,cqi,https://github.com/jldbc/coffee-quality-database,2026-09-24
cqi:arabica_2018:208,"Mexico la concordia, chiapas finca santa teresa",,Mexico,"la concordia, chiapas",washed,,false,,4,3,,,cqi,https://github.com/jldbc/coffee-quality-database,2026-09-24
cqi:arabica_2018:209,Uganda kasese,,Uganda,kasese,natural,,false,,4,5,,,cqi,https://github.com/jldbc/coffee-quality-database,2026-09-24
cqi:arabica_2018:21,Costa Rica san ramon several,,Costa Rica,san ramon,washed,,false,,5,5,,,cqi,https://github.com/jldbc/coffee-quality-database,2026-09-24
cqi:arabica_2018:210,Guatemala san marcos piamonte,,Guatemala,san marcos,washed,,false,,5,4,,,cqi,https://github.com/jldbc/coffee-quality-database,2026-09-24
cqi:arabica_2018:211,Colombia huila,,Colombia,huila,washed,,false,,4,4,,,cqi,https://github.com/jldbc/coffee-quality-database,2026-09-24
cqi:arabica_2018:212,Costa Rica tarrazu los girasoles,,Costa Rica,tarrazu,washed,,false,,4,3,,,cqi,https://github.com/jldbc/coffee-quality-database,2026-09-24
cqi:arabica_2018:213,Guatemala huehuetenango finca la joya,,Guatemala,huehuetenango,washed,,false,,5,4,,,cqi,https://github.com/jldbc/coffee-quality-database,2026-09-24
cqi:arabica_2018:214,Guatemala solola santo tomas pachuj,,Guatemala,solola,washed,,false,,5,4,,,cqi,https://github.com/jldbc/coffee-quality-database,2026-09-24
cqi:arabica_2018:215,Guatemala norte chapultepec,,Guatemala,norte,washed,,false,,5,5,,,cqi,https://github.com/jldbc/coffee-quality-database,2026-09-24
cqi:arabica_2018:216,Colombia huila,,Colombia,huila,washed,,false,,4,5,,,cqi,https://github.com/jldbc/coffee-quality-database,2026-09-24
cqi:arabica_2018:217,Nicaragua jinotega las nubes,,Nicaragua,jinotega,natural,,false,,3,4,,,cqi,https://github.com/jldbc/coffee-quality-database,2026-09-24
cqi:arabica_2018:218,Brazil cerrado pantano,,Brazil,cerrado,natural,,false,,4,5,,,cqi,https://github.com/jldbc/coffee-quality-database,2026-09-24
cqi:arabica_2018:219,Costa Rica tarrazu gamboa,,Costa Rica,tarrazu,washed,,false,,4,3,,,cqi,https://github.com/jldbc/coffee-quality-database,2026-09-24
cqi:arabica_2018:22,Mexico xalapa la herradura,,Mexico,xalapa,washed,,false,,5,5,,,cqi,https://github.com/jldbc/coffee-quality-database,2026-09-24
cqi:arabica_2018:220,Ethiopia snnprg; kafa; telo woreda; shada kebele asefa dukamo coffee plantation,,Ethiopia,snnprg; kafa; telo woreda; shada kebele,natural,,false,,5,4,,,cqi,https://github.com/jldbc/coffee-quality-database,2026-09-24
cqi:arabica_2018:221,"Tanzania, United Republic Of arusha selian coffee estate",,Tanzania,arusha,washed,,false,,4,4,,,cqi,https://github.com/jldbc/coffee-quality-database,2026-09-24
cqi:arabica_2018:222,Colombia huila,,Colombia,huila,washed,,false,,2,5,,,cqi,https://github.com/jldbc/coffee-quality-database,2026-09-24
cqi:arabica_2018:223,Guatemala,,Guatemala,,washed,,false,,4,4,,,cqi,https://github.com/jldbc/coffee-quality-database,2026-09-24
cqi:arabica_2018:224,Kenya kenya,,Kenya,kenya,washed,,false,,4,4,,,cqi,https://github.com/jldbc/coffee-quality-database,2026-09-24
cqi:arabica_2018:225,"Brazil minas gerais, br café do paraíso",,Brazil,"minas gerais, br",natural,,false,,4,4,,,cqi,https://github.com/jldbc/coffee-quality-database,2026-09-24
cqi:arabica_2018:226,Guatemala oriente la union monte verde,,Guatemala,oriente,washed,,false,,4,5,,,cqi,https://github.com/jldbc/coffee-quality-database,2026-09-24
cqi:arabica_2018:227,El Salvador apaneca el majahual,,El Salvador,apaneca,natural,,false,,1,3,,,cqi,https://github.com/jldbc/coffee-quality-database,2026-09-24
cqi:arabica_2018:228,Colombia huila,,Colombia,huila,washed,,false,,4,5,,,cqi,https://github.com/jldbc/coffee-quality-database,2026-09-24
cqi:arabica_2018:229,Guatemala guatemala el limon,,Guatemala,guatemala,natural,,false,,5,5,,,cqi,https://github.com/jldbc/coffee-quality-database,2026-09-24
cqi:arabica_2018:23,United States antioquia la curva,,United States,antioquia,washed,,false,,5,5,,,cqi,https://github.com/jldbc/coffee-quality-database,2026-09-24
cqi:arabica_2018:230,Uganda mt. rwenzori,,Uganda,mt. rwenzori,washed,,false,,5,5,,,cqi,https://github.com/jldbc/coffee-quality-database,2026-09-24
cqi:arabica_2018:231,"Indonesia aceh tengah mus, eman",,Indonesia,aceh tengah,natural,,false,,4,4,,,cqi,https://github.com/jldbc/coffee-quality-database,2026-09-24
cqi:arabica_2018:232,Colombia huila,,Colombia,huila,washed,,false,,3,5,,,cqi,https://github.com/jldbc/coffee-quality-database,2026-09-24
cqi:arabica_2018:233,"Taiwan nanxi dist., tainan city 臺南市楠西區 chang yu liang 張玉良",,Taiwan,"nanxi dist., tainan city 臺南市楠西區",washed,,false,,4,4,,,cqi,https://github.com/jldbc/coffee-quality-database,2026-09-24
cqi:arabica_2018:234,Guatemala oriente la esperanza y anexos,,Guatemala,oriente,washed,,false,,3,5,,,cqi,https://github.com/jldbc/coffee-quality-database,2026-09-24
cqi:arabica_2018:235,Colombia huila,,Colombia,huila,washed,,false,,4,4,,,cqi,https://github.com/jldbc/coffee-quality-database,2026-09-24
cqi:arabica_2018:236,"Guatemala aldea xeucalvitz, ixil region, quiche department aprocafi",,Guatemala,"aldea xeucalvitz, ixil region, quiche department",washed,,false,,5,4,,,cqi,https://github.com/jldbc/coffee-quality-database,2026-09-24
cqi:arabica_2018:237,United States (Hawaii) kona,,United States,kona,natural,,false,,5,2,,,cqi,https://github.com/jldbc/coffee-quality-database,2026-09-24
cqi:arabica_2018:238,Mexico santo domingo cacalotepec la lagunilla,,Mexico,santo domingo cacalotepec,washed,,false,,4,4,,,cqi,https://github.com/jldbc/coffee-quality-database,2026-09-24
cqi:arabica_2018:239,"Ethiopia ethiopia, sidamo",,Ethiopia,"ethiopia, sidamo",natural,,false,,5,5,,,cqi,https://github.com/jldbc/coffee-quality-database,2026-09-24
cqi:arabica_2018:24,Ethiopia sidamo,,Ethiopia,sidamo,natural,,false,,5,5,,,cqi,https://github.com/jldbc/coffee-quality-database,2026-09-24
cqi:arabica_2018:240,Costa Rica,,Costa Rica,,washed,,false,,4,5,,,cqi,https://github.com/jldbc/coffee-quality-database,2026-09-24
cqi:arabica_2018:241,Ethiopia sidamo kerchanshe,,Ethiopia,sidamo,natural,,false,,4,2,,,cqi,https://github.com/jldbc/coffee-quality-database,2026-09-24
cqi:arabica_2018:242,Honduras comayagua las cuchillas,,Honduras,comayagua,washed,,false,,5,4,,,cqi,https://github.com/jldbc/coffee-quality-database,2026-09-24
cqi:arabica_2018:243,Guatemala huehuetenango finca los cerros y anexos,,Guatemala,huehuetenango,washed,,false,,5,4,,,cqi,https://github.com/jldbc/coffee-quality-database,2026-09-24
cqi:arabica_2018:244,Colombia huila,,Colombia,huila,washed,,false,,3,3,,,cqi,https://github.com/jldbc/coffee-quality-database,2026-09-24
cqi:arabica_2018:245,Guatemala oriente el papaturro,,Guatemala,oriente,natural,,false,,5,4,,,cqi,https://github.com/jldbc/coffee-quality-database,2026-09-24
cqi:arabica_2018:246,Guatemala oriente el papaturro,,Guatemala,oriente,,,false,,5,3,,,cqi,https://github.com/jldbc/coffee-quality-database,2026-09-24
cqi:arabica_2018:247,Colombia huila,,Colombia,huila,washed,,false,,4,4,,,cqi,https://github.com/jldbc/coffee-quality-database,2026-09-24
cqi:arabica_2018:248,Colombia santander,,Colombia,santander,natural,,false,,5,4,,,cqi,https://github.com/jldbc/coffee-quality-database,2026-09-24
cqi:arabica_2018:249,Colombia huila,,Colombia,huila,washed,,false,,3,4,,,cqi,https://github.com/jldbc/coffee-quality-database,2026-09-24
cqi:arabica_2018:25,Brazil south of minas fazenda kaquend,,Brazil,south of minas,natural,,false,,5,5,,,cqi,https://github.com/jldbc/coffee-quality-database,2026-09-24
cqi:arabica_2018:250,Ethiopia sidamo,,Ethiopia,sidamo,natural,,false,,3,4,,,cqi,https://github.com/jldbc/coffee-quality-database,2026-09-24
cqi:arabica_2018:251,Brazil south of minas fazenda rio verde,,Brazil,south of minas,natural,,false,,1,5,,,cqi,https://github.com/jldbc/coffee-quality-database,2026-09-24
cqi:arabica_2018:252,Colombia cauca,,Colombia,cauca,washed,,false,,4,4,,,cqi,https://github.com/jldbc/coffee-quality-database,2026-09-24
cqi:arabica_2018:253,Kenya blend,,Kenya,blend,washed,,false,,4,5,,,cqi,https://github.com/jldbc/coffee-quality-database,2026-09-24
cqi:arabica_2018:254,Thailand thailand doi tung development project,,Thailand,thailand,washed,,false,,5,5,,,cqi,https://github.com/jldbc/coffee-quality-database,2026-09-24
cqi:arabica_2018:255,Kenya central kenya -,,Kenya,central kenya,washed,,false,,4,5,,,cqi,https://github.com/jldbc/coffee-quality-database,2026-09-24
cqi:arabica_2018:256,Uganda kasese,,Uganda,kasese,washed,,false,,4,4,,,cqi,https://github.com/jldbc/coffee-quality-database,2026-09-24
cqi:arabica_2018:257,Thailand doi tung development project,,Thailand,,,,false,,4,3,,,cqi,https://github.com/jldbc/coffee-quality-database,2026-09-24
cqi:arabica_2018:258,Brazil south of minas fazenda capoeirnha,,Brazil,south of minas,natural,,false,,3,3,,,cqi,https://github.com/jldbc/coffee-quality-database,2026-09-24
cqi:arabica_2018:259,Mexico veracruz cafetal,,Mexico,veracruz,washed,,false,,5,2,,,cqi,https://github.com/jldbc/coffee-quality-database,2026-09-24
cqi:arabica_2018:26,Ethiopia sidamo,,Ethiopia,sidamo,,,false,,5,5,,,cqi,https://github.com/jldbc/coffee-quality-database,2026-09-24
cqi:arabica_2018:260,Thailand chiangrai saveg coffee farm,,Thailand,chiangrai,natural,,false,,4,4,,,cqi,https://github.com/jldbc/coffee-quality-database,2026-09-24
cqi:arabica_2018:261,Brazil south of minas capoeirinha,,Brazil,south of minas,natural,,false,,4,3,,,cqi,https://github.com/jldbc/coffee-quality-database,2026-09-24
cqi:arabica_2018:262,"Taiwan leye, alishan township, chiayi county 嘉義阿里山樂野村 tsoustructive garden 鄒築園",,Taiwan,"leye, alishan township, chiayi county 嘉義阿里山樂野村",washed,,false,,4,5,,,cqi,https://github.com/jldbc/coffee-quality-database,2026-09-24
cqi:arabica_2018:263,Colombia huila,,Colombia,huila,,,false,,4,5,,,cqi,https://github.com/jldbc/coffee-quality-database,2026-09-24
cqi:arabica_2018:264,Colombia la plata,,Colombia,la plata,,,false,,5,4,,,cqi,https://github.com/jldbc/coffee-quality-database,2026-09-24
cqi:arabica_2018:265,Taiwan 台灣 very famous intl.名門義理國際股份有限公司,,Taiwan,台灣,natural,,false,,4,4,,,cqi,https://github.com/jldbc/coffee-quality-database,2026-09-24
cqi:arabica_2018:266,Colombia huila,,Colombia,huila,washed,,false,,5,3,,,cqi,https://github.com/jldbc/coffee-quality-database,2026-09-24
cqi:arabica_2018:267,Colombia huila,,Colombia,huila,washed,,false,,3,4,,,cqi,https://github.com/jldbc/coffee-quality-database,2026-09-24
cqi:arabica_2018:268,Colombia huila,,Colombia,huila,washed,,false,,5,5,,,cqi,https://github.com/jldbc/coffee-quality-database,2026-09-24
cqi:arabica_2018:269,Taiwan 台中和平區 神谷山莊園,,Taiwan,台中和平區,washed,,false,,5,4,,,cqi,https://github.com/jldbc/coffee-quality-database,2026-09-24
cqi:arabica_2018:27,Uganda kapchorwa eastern chebonet (23) women coffee,,Uganda,kapchorwa eastern,washed,,false,,5,5,,,cqi,https://github.com/jldbc/coffee-quality-database,2026-09-24
cqi:arabica_2018:270,Colombia santander,,Colombia,santander,natural,,false,,4,4,,,cqi,https://github.com/jldbc/coffee-quality-database,2026-09-24
cqi:arabica_2018:271,Mexico xicotepec de juarez finca cuetzalingo,,Mexico,xicotepec de juarez,washed,,false,,4,4,,,cqi,https://github.com/jldbc/coffee-quality-database,2026-09-24
cqi:arabica_2018:272,Mexico la concordia finca sant rosa,,Mexico,la concordia,washed,,false,,5,4,,,cqi,https://github.com/jldbc/coffee-quality-database,2026-09-24
cqi:arabica_2018:273,Mexico la yerbabuena comunidad la yerbabuena,,Mexico,la yerbabuena,washed,,false,,5,4,,,cqi,https://github.com/jldbc/coffee-quality-database,2026-09-24
cqi:arabica_2018:274,Colombia nariño,,Colombia,nariño,washed,,false,,5,3,,,cqi,https://github.com/jldbc/coffee-quality-database,2026-09-24
cqi:arabica_2018:275,Colombia huila,,Colombia,huila,,,false,,4,4,,,cqi,https://github.com/jldbc/coffee-quality-database,2026-09-24
cqi:arabica_2018:276,Costa Rica tarrazu gamboa,,Costa Rica,tarrazu,washed,,false,,4,3,,,cqi,https://github.com/jldbc/coffee-quality-database,2026-09-24
cqi:arabica_2018:277,Guatemala antigua finca medina,,Guatemala,antigua,washed,,false,,4,5,,,cqi,https://github.com/jldbc/coffee-quality-database,2026-09-24
cqi:arabica_2018:278,Taiwan 台灣 優遊吧斯股份有限公司yuyupas international corp.,,Taiwan,台灣,,,false,,4,4,,,cqi,https://github.com/jldbc/coffee-quality-database,2026-09-24
cqi:arabica_2018:279,Brazil south of minas rio verde,,Brazil,south of minas,natural,,false,,5,4,,,cqi,https://github.com/jldbc/coffee-quality-database,2026-09-24
cqi:arabica_2018:28,Honduras comayagua los hicaques,,Honduras,comayagua,,,false,,5,5,,,cqi,https://github.com/jldbc/coffee-quality-database,2026-09-24
cqi:arabica_2018:280,"Taiwan dongshan dist., tainan city 臺南市東山區 鄉舍咖啡 hometown coffee",,Taiwan,"dongshan dist., tainan city 臺南市東山區",washed,,false,,4,2,,,cqi,https://github.com/jldbc/coffee-quality-database,2026-09-24
cqi:arabica_2018:281,Ethiopia oromia,,Ethiopia,oromia,natural,,false,,4,3,,,cqi,https://github.com/jldbc/coffee-quality-database,2026-09-24
cqi:arabica_2018:282,Brazil south of minas rio verde,,Brazil,south of minas,semi-washed,,false,,3,5,,,cqi,https://github.com/jldbc/coffee-quality-database,2026-09-24
cqi:arabica_2018:283,Costa Rica central valley various,,Costa Rica,central valley,washed,,false,,5,4,,,cqi,https://github.com/jldbc/coffee-quality-database,2026-09-24
cqi:arabica_2018:284,Guatemala oriente el papaturro,,Guatemala,oriente,washed,,false,,5,3,,,cqi,https://github.com/jldbc/coffee-quality-database,2026-09-24
cqi:arabica_2018:285,Brazil south of minas fazenda rio verde,,Brazil,south of minas,natural,,false,,4,5,,,cqi,https://github.com/jldbc/coffee-quality-database,2026-09-24
cqi:arabica_2018:286,"Ecuador province of manabi, ecuador finca el trueno",,Ecuador,"province of manabi, ecuador",natural,,false,,4,5,,,cqi,https://github.com/jldbc/coffee-quality-database,2026-09-24
cqi:arabica_2018:287,Colombia huila,,Colombia,huila,washed,,false,,5,3,,,cqi,https://github.com/jldbc/coffee-quality-database,2026-09-24
cqi:arabica_2018:288,Guatemala oriente finca el morito,,Guatemala,oriente,washed,,false,,5,5,,,cqi,https://github.com/jldbc/coffee-quality-database,2026-09-24
cqi:arabica_2018:289,Mexico petatlan predio cañada del encino,,Mexico,petatlan,natural,,false,,2,4,,,cqi,https://github.com/jldbc/coffee-quality-database,2026-09-24
cqi:arabica_2018:29,"Taiwan leye, alishan township, chiayi county tsoustructive garden 鄒築園",,Taiwan,"leye, alishan township, chiayi county",honey,,false,,5,5,,,cqi,https://github.com/jldbc/coffee-quality-database,2026-09-24
cqi:arabica_2018:290,"Mexico la concordia, chiapas finca santa teresa",,Mexico,"la concordia, chiapas",natural,,false,,4,4,,,cqi,https://github.com/jldbc/coffee-quality-database,2026-09-24
cqi:arabica_2018:291,Brazil carmo de minas fazenda do sertao,,Brazil,carmo de minas,semi-washed,,false,,4,3,,,cqi,https://github.com/jldbc/coffee-quality-database,2026-09-24
cqi:arabica_2018:292,"Thailand doi chaang village, chiang rai, thialand doi chaang coffee original co.,ltd",,Thailand,"doi chaang village, chiang rai, thialand",,,false,,5,4,,,cqi,https://github.com/jldbc/coffee-quality-database,2026-09-24
cqi:arabica_2018:293,Thailand doi tung development project,,Thailand,,,,false,,3,4,,,cqi,https://github.com/jldbc/coffee-quality-database,2026-09-24
cqi:arabica_2018:294,"Ethiopia sidamo phone number | 0911-51-08-01, email | at",,Ethiopia,sidamo,,,false,,5,5,,,cqi,https://github.com/jldbc/coffee-quality-database,2026-09-24
cqi:arabica_2018:295,Kenya nyeri,,Kenya,nyeri,washed,,false,,3,4,,,cqi,https://github.com/jldbc/coffee-quality-database,2026-09-24
cqi:arabica_2018:296,Brazil south of minas fazenda capoeirnha,,Brazil,south of minas,natural,,false,,4,4,,,cqi,https://github.com/jldbc/coffee-quality-database,2026-09-24
cqi:arabica_2018:297,Colombia huila,,Colombia,huila,washed,,false,,3,3,,,cqi,https://github.com/jldbc/coffee-quality-database,2026-09-24
cqi:arabica_2018:298,"Taiwan 台南市東山區 (dongshan dist., tainan city) 崁頭山咖啡館 (kan tou mountain coffee)",,Taiwan,"台南市東山區 (dongshan dist., tainan city)",natural,,false,,3,4,,,cqi,https://github.com/jldbc/coffee-quality-database,2026-09-24
cqi:arabica_2018:299,Colombia huila,,Colombia,huila,washed,,false,,4,4,,,cqi,https://github.com/jldbc/coffee-quality-database,2026-09-24
cqi:arabica_2018:3,Ethiopia oromia yidnekachew dabessa coffee plantation,,Ethiopia,oromia,natural,,false,,5,5,,,cqi,https://github.com/jldbc/coffee-quality-database,2026-09-24
cqi:arabica_2018:30,Nicaragua,,Nicaragua,,,,false,,5,5,,,cqi,https://github.com/jldbc/coffee-quality-database,2026-09-24
cqi:arabica_2018:300,China yunnan pu’er specialty coffee cupping center,,China,yunnan,washed,,false,,3,3,,,cqi,https://github.com/jldbc/coffee-quality-database,2026-09-24
cqi:arabica_2018:301,Colombia huila,,Colombia,huila,natural,,false,,4,3,,,cqi,https://github.com/jldbc/coffee-quality-database,2026-09-24
cqi:arabica_2018:302,Uganda west nile erussi farmers group,,Uganda,west nile,natural,,false,,4,2,,,cqi,https://github.com/jldbc/coffee-quality-database,2026-09-24
cqi:arabica_2018:303,United States (Puerto Rico) yauco region hacienda caracolillo,,United States,yauco region,washed,,false,,4,5,,,cqi,https://github.com/jldbc/coffee-quality-database,2026-09-24
cqi:arabica_2018:304,Colombia huila,,Colombia,huila,washed,,false,,5,3,,,cqi,https://github.com/jldbc/coffee-quality-database,2026-09-24
cqi:arabica_2018:305,Colombia huila,,Colombia,huila,washed,,false,,2,5,,,cqi,https://github.com/jldbc/coffee-quality-database,2026-09-24
cqi:arabica_2018:306,Colombia huila,,Colombia,huila,washed,,false,,4,4,,,cqi,https://github.com/jldbc/coffee-quality-database,2026-09-24
cqi:arabica_2018:307,Colombia huila,,Colombia,huila,washed,,false,,3,2,,,cqi,https://github.com/jldbc/coffee-quality-database,2026-09-24
cqi:arabica_2018:308,United States (Hawaii) kona,,United States,kona,natural,,false,,3,5,,,cqi,https://github.com/jldbc/coffee-quality-database,2026-09-24
cqi:arabica_2018:309,"Mexico huazalingo, hidalgo naranjal",,Mexico,"huazalingo, hidalgo",natural,,false,,3,4,,,cqi,https://github.com/jldbc/coffee-quality-database,2026-09-24
cqi:arabica_2018:31,"Tanzania, United Republic Of",,Tanzania,,natural,,false,,5,3,,,cqi,https://github.com/jldbc/coffee-quality-database,2026-09-24
cqi:arabica_2018:310,Guatemala quetzaltenango several farms,,Guatemala,quetzaltenango,washed,,false,,4,4,,,cqi,https://github.com/jldbc/coffee-quality-database,2026-09-24
cqi:arabica_2018:311,Colombia cauca,,Colombia,cauca,,,false,,2,2,,,cqi,https://github.com/jldbc/coffee-quality-database,2026-09-24
cqi:arabica_2018:312,Colombia cundinamarca,,Colombia,cundinamarca,,,false,,1,3,,,cqi,https://github.com/jldbc/coffee-quality-database,2026-09-24
cqi:arabica_2018:313,United States (Hawaii) kona,,United States,kona,,,false,,4,3,,,cqi,https://github.com/jldbc/coffee-quality-database,2026-09-24
cqi:arabica_2018:314,Brazil south of minas fazenda capoeirnha,,Brazil,south of minas,natural,,false,,4,4,,,cqi,https://github.com/jldbc/coffee-quality-database,2026-09-24
cqi:arabica_2018:315,Kenya meru county,,Kenya,meru county,washed,,false,,3,1,,,cqi,https://github.com/jldbc/coffee-quality-database,2026-09-24
cqi:arabica_2018:316,Honduras comayagua los hicaques,,Honduras,comayagua,washed,,false,,4,5,,,cqi,https://github.com/jldbc/coffee-quality-database,2026-09-24
cqi:arabica_2018:317,Nicaragua jinotega santa matilde,,Nicaragua,jinotega,washed,,false,,4,5,,,cqi,https://github.com/jldbc/coffee-quality-database,2026-09-24
cqi:arabica_2018:318,Brazil south of minas capoeirinha,,Brazil,south of minas,natural,,false,,4,3,,,cqi,https://github.com/jldbc/coffee-quality-database,2026-09-24
cqi:arabica_2018:319,"Taiwan leye, alishan township, chiayi county tsoustructive garden 鄒築園",,Taiwan,"leye, alishan township, chiayi county",natural,,false,,5,5,,,cqi,https://github.com/jldbc/coffee-quality-database,2026-09-24
cqi:arabica_2018:32,Brazil vale da grama fazenda recreio,,Brazil,vale da grama,natural,,false,,4,5,,,cqi,https://github.com/jldbc/coffee-quality-database,2026-09-24
cqi:arabica_2018:320,Costa Rica west valley,,Costa Rica,west valley,,,false,,3,4,,,cqi,https://github.com/jldbc/coffee-quality-database,2026-09-24
cqi:arabica_2018:321,Thailand thailand,,Thailand,thailand,washed,,false,,5,4,,,cqi,https://github.com/jldbc/coffee-quality-database,2026-09-24
cqi:arabica_2018:322,Colombia huila,,Colombia,huila,washed,,false,,4,4,,,cqi,https://github.com/jldbc/coffee-quality-database,2026-09-24
cqi:arabica_2018:323,Guatemala huehuetenango finca las cuevitas,,Guatemala,huehuetenango,washed,,false,,5,5,,,cqi,https://github.com/jldbc/coffee-quality-database,2026-09-24
cqi:arabica_2018:324,Colombia huila supremo various,,Colombia,huila supremo,washed,,false,,3,3,,,cqi,https://github.com/jldbc/coffee-quality-database,2026-09-24
cqi:arabica_2018:325,Colombia huila,,Colombia,huila,washed,,false,,4,2,,,cqi,https://github.com/jldbc/coffee-quality-database,2026-09-24
cqi:arabica_2018:326,Guatemala oriente la union monte verde,,Guatemala,oriente,washed,,false,,4,5,,,cqi,https://github.com/jldbc/coffee-quality-database,2026-09-24
cqi:arabica_2018:327,Guatemala oriente el sacramento,,Guatemala,oriente,washed,,false,,4,4,,,cqi,https://github.com/jldbc/coffee-quality-database,2026-09-24
cqi:arabica_2018:328,Colombia huila,,Colombia,huila,washed,,false,,5,1,,,cqi,https://github.com/jldbc/coffee-quality-database,2026-09-24
cqi:arabica_2018:329,Guatemala oriente finca quequesquez,,Guatemala,oriente,natural,,false,,4,5,,,cqi,https://github.com/jldbc/coffee-quality-database,2026-09-24
cqi:arabica_2018:33,Costa Rica west and central valley exclusive coffees s.a.,,Costa Rica,west and central valley,washed,,false,,5,5,,,cqi,https://github.com/jldbc/coffee-quality-database,2026-09-24
cqi:arabica_2018:330,Guatemala oriente agropecuaria quiagral,,Guatemala,oriente,washed,,false,,2,3,,,cqi,https://github.com/jldbc/coffee-quality-database,2026-09-24
cqi:arabica_2018:331,Mexico xicotepec de juarez finca apoxtla,,Mexico,xicotepec de juarez,washed,,false,,2,5,,,cqi,https://github.com/jldbc/coffee-quality-database,2026-09-24
cqi:arabica_2018:332,"Indonesia east java ijen highland, east java",,Indonesia,east java,washed,,false,,3,2,,,cqi,https://github.com/jldbc/coffee-quality-database,2026-09-24
cqi:arabica_2018:333,"Guatemala sacatepequez, guatemala finca medina",,Guatemala,"sacatepequez, guatemala",washed,,false,,5,4,,,cqi,https://github.com/jldbc/coffee-quality-database,2026-09-24
cqi:arabica_2018:334,United States (Hawaii),,United States,,,,false,,5,4,,,cqi,https://github.com/jldbc/coffee-quality-database,2026-09-24
cqi:arabica_2018:335,Brazil south of minas fazenda capoeirnha,,Brazil,south of minas,natural,,false,,3,4,,,cqi,https://github.com/jldbc/coffee-quality-database,2026-09-24
cqi:arabica_2018:336,Guatemala huehuetenango finca santa clara,,Guatemala,huehuetenango,washed,,false,,5,3,,,cqi,https://github.com/jldbc/coffee-quality-database,2026-09-24
cqi:arabica_2018:337,Colombia huila,,Colombia,huila,washed,,false,,3,4,,,cqi,https://github.com/jldbc/coffee-quality-database,2026-09-24
cqi:arabica_2018:338,China yunnan menglian mang pan professional cooperative,,China,yunnan,washed,,false,,3,4,,,cqi,https://github.com/jldbc/coffee-quality-database,2026-09-24
cqi:arabica_2018:339,Colombia huila,,Colombia,huila,washed,,false,,4,4,,,cqi,https://github.com/jldbc/coffee-quality-database,2026-09-24
cqi:arabica_2018:34,Ethiopia oromia haider abamecha coffee plantation,,Ethiopia,oromia,natural,,false,,5,5,,,cqi,https://github.com/jldbc/coffee-quality-database,2026-09-24
cqi:arabica_2018:340,"Mexico chiapas, jaltenango exportadora café california",,Mexico,"chiapas, jaltenango",washed,,false,,3,3,,,cqi,https://github.com/jldbc/coffee-quality-database,2026-09-24
cqi:arabica_2018:341,Ethiopia yirgacheffe lomi tasha,,Ethiopia,yirgacheffe,washed,,false,,4,3,,,cqi,https://github.com/jldbc/coffee-quality-database,2026-09-24
cqi:arabica_2018:342,Uganda eastern bulamburi coffee farmers,,Uganda,eastern,washed,,false,,4,4,,,cqi,https://github.com/jldbc/coffee-quality-database,2026-09-24
cqi:arabica_2018:343,Colombia cundinamarca,,Colombia,cundinamarca,natural,,false,,4,4,,,cqi,https://github.com/jldbc/coffee-quality-database,2026-09-24
cqi:arabica_2018:344,Colombia santander,,Colombia,santander,washed,,false,,3,4,,,cqi,https://github.com/jldbc/coffee-quality-database,2026-09-24
cqi:arabica_2018:345,Colombia santander,,Colombia,santander,washed,,false,,3,4,,,cqi,https://github.com/jldbc/coffee-quality-database,2026-09-24
cqi:arabica_2018:346,Taiwan taichung xinshe 台中市新社區 dragon coffee 龍咖啡,,Taiwan,taichung xinshe 台中市新社區,,,false,,4,3,,,cqi,https://github.com/jldbc/coffee-quality-database,2026-09-24
cqi:arabica_2018:347,Colombia huila,,Colombia,huila,washed,,false,,4,4,,,cqi,https://github.com/jldbc/coffee-quality-database,2026-09-24
cqi:arabica_2018:348,Mexico xalapa ojo de agua,,Mexico,xalapa,washed,,false,,3,4,,,cqi,https://github.com/jldbc/coffee-quality-database,2026-09-24
cqi:arabica_2018:349,Colombia cundinamarca,,Colombia,cundinamarca,natural,,false,,3,4,,,cqi,https://github.com/jldbc/coffee-quality-database,2026-09-24
cqi:arabica_2018:35,Kenya muranga kangunu,,Kenya,muranga,washed,,false,,5,5,,,cqi,https://github.com/jldbc/coffee-quality-database,2026-09-24
cqi:arabica_2018:350,Brazil south of minas fazenda jericó,,Brazil,south of minas,semi-washed,,false,,4,3,,,cqi,https://github.com/jldbc/coffee-quality-database,2026-09-24
cqi:arabica_2018:351,Colombia cundinamarca,,Colombia,cundinamarca,washed,,false,,4,4,,,cqi,https://github.com/jldbc/coffee-quality-database,2026-09-24
cqi:arabica_2018:352,Taiwan 南投縣魚池鄉水社村中正路63-1號,,Taiwan,,,,false,,1,1,,,cqi,https://github.com/jldbc/coffee-quality-database,2026-09-24
cqi:arabica_2018:353,Costa Rica tarrazu,,Costa Rica,tarrazu,washed,,false,,4,3,,,cqi,https://github.com/jldbc/coffee-quality-database,2026-09-24
cqi:arabica_2018:354,Colombia pitalito,,Colombia,pitalito,natural,,false,,3,4,,,cqi,https://github.com/jldbc/coffee-quality-database,2026-09-24
cqi:arabica_2018:355,Guatemala oriente la esperanza,,Guatemala,oriente,washed,,false,,5,3,,,cqi,https://github.com/jldbc/coffee-quality-database,2026-09-24
cqi:arabica_2018:356,Colombia huila,,Colombia,huila,washed,,false,,3,4,,,cqi,https://github.com/jldbc/coffee-quality-database,2026-09-24
cqi:arabica_2018:357,"Tanzania, United Republic Of nkure- meru ano family",,Tanzania,nkure- meru,washed,,false,,4,4,,,cqi,https://github.com/jldbc/coffee-quality-database,2026-09-24
cqi:arabica_2018:358,Indonesia bener meriah yusrin,,Indonesia,bener meriah,semi-washed,,false,,5,5,,,cqi,https://github.com/jldbc/coffee-quality-database,2026-09-24
cqi:arabica_2018:359,Ethiopia oromia,,Ethiopia,oromia,natural,,false,,3,4,,,cqi,https://github.com/jldbc/coffee-quality-database,2026-09-24
cqi:arabica_2018:36,United States (Hawaii) kona,,United States,kona,natural,,false,,5,5,,,cqi,https://github.com/jldbc/coffee-quality-database,2026-09-24
cqi:arabica_2018:360,Colombia huila,,Colombia,huila,washed,,false,,5,3,,,cqi,https://github.com/jldbc/coffee-quality-database,2026-09-24
cqi:arabica_2018:361,Colombia huila,,Colombia,huila,washed,,false,,3,5,,,cqi,https://github.com/jldbc/coffee-quality-database,2026-09-24
cqi:arabica_2018:362,Guatemala atitlan several,,Guatemala,atitlan,washed,,false,,5,2,,,cqi,https://github.com/jldbc/coffee-quality-database,2026-09-24
cqi:arabica_2018:363,Colombia cundinamarca,,Colombia,cundinamarca,washed,,false,,3,5,,,cqi,https://github.com/jldbc/coffee-quality-database,2026-09-24
cqi:arabica_2018:364,Honduras comayagua los hicaques,,Honduras,comayagua,natural,,false,,3,4,,,cqi,https://github.com/jldbc/coffee-quality-database,2026-09-24
cqi:arabica_2018:365,Colombia huila,,Colombia,huila,washed,,false,,4,4,,,cqi,https://github.com/jldbc/coffee-quality-database,2026-09-24
cqi:arabica_2018:366,Colombia huila,,Colombia,huila,washed,,false,,4,3,,,cqi,https://github.com/jldbc/coffee-quality-database,2026-09-24
cqi:arabica_2018:367,Mexico xalapa finca los barreales 1112lban,,Mexico,xalapa,natural,,false,,3,3,,,cqi,https://github.com/jldbc/coffee-quality-database,2026-09-24
cqi:arabica_2018:368,Mexico chilón,,Mexico,chilón,semi-washed,,false,,4,3,,,cqi,https://github.com/jldbc/coffee-quality-database,2026-09-24
cqi:arabica_2018:369,Mexico totutla la corralera,,Mexico,totutla,washed,,false,,4,2,,,cqi,https://github.com/jldbc/coffee-quality-database,2026-09-24
cqi:arabica_2018:37,United States (Hawaii) kona kona pacific farmers cooperative,,United States,kona,,,false,,4,4,,,cqi,https://github.com/jldbc/coffee-quality-database,2026-09-24
cqi:arabica_2018:370,Guatemala atitlan santo tomas pachuj,,Guatemala,atitlan,washed,,false,,5,4,,,cqi,https://github.com/jldbc/coffee-quality-database,2026-09-24
cqi:arabica_2018:371,Colombia huila,,Colombia,huila,washed,,false,,4,4,,,cqi,https://github.com/jldbc/coffee-quality-database,2026-09-24
cqi:arabica_2018:372,Guatemala oriente conquista / morito,,Guatemala,oriente,washed,,false,,3,5,,,cqi,https://github.com/jldbc/coffee-quality-database,2026-09-24
cqi:arabica_2018:373,United States (Hawaii),,United States,,,,false,,5,3,,,cqi,https://github.com/jldbc/coffee-quality-database,2026-09-24
cqi:arabica_2018:374,Indonesia bondowoso pancoer angkrek,,Indonesia,bondowoso,,,false,,3,4,,,cqi,https://github.com/jldbc/coffee-quality-database,2026-09-24
cqi:arabica_2018:375,Colombia huila,,Colombia,huila,washed,,false,,3,4,,,cqi,https://github.com/jldbc/coffee-quality-database,2026-09-24
cqi:arabica_2018:376,Guatemala san marcos piamonte,,Guatemala,san marcos,washed,,false,,3,3,,,cqi,https://github.com/jldbc/coffee-quality-database,2026-09-24
cqi:arabica_2018:377,Colombia huila,,Colombia,huila,washed,,false,,4,4,,,cqi,https://github.com/jldbc/coffee-quality-database,2026-09-24
cqi:arabica_2018:378,Costa Rica tarrazu gamboa,,Costa Rica,tarrazu,washed,,false,,5,3,,,cqi,https://github.com/jldbc/coffee-quality-database,2026-09-24
cqi:arabica_2018:379,Taiwan 日月潭文武莊園,,Taiwan,,,,false,,1,1,,,cqi,https://github.com/jldbc/coffee-quality-database,2026-09-24
cqi:arabica_2018:38,"Ethiopia yirgacheffe phone number | 0911-51-08-01, email | at",,Ethiopia,yirgacheffe,,,false,,5,5,,,cqi,https://github.com/jldbc/coffee-quality-database,2026-09-24
cqi:arabica_2018:380,Uganda eastern bulago & buginyanya,,Uganda,eastern,washed,,false,,4,4,,,cqi,https://github.com/jldbc/coffee-quality-database,2026-09-24
cqi:arabica_2018:381,Thailand thailand matsuzawa coffee,,Thailand,thailand,washed,,false,,3,4,,,cqi,https://github.com/jldbc/coffee-quality-database,2026-09-24
cqi:arabica_2018:382,El Salvador apaneca la joya,,El Salvador,apaneca,washed,,false,,3,4,,,cqi,https://github.com/jldbc/coffee-quality-database,2026-09-24
cqi:arabica_2018:383,Colombia huila,,Colombia,huila,natural,,false,,4,3,,,cqi,https://github.com/jldbc/coffee-quality-database,2026-09-24
cqi:arabica_2018:384,Brazil vale da grama cachoeira da grama farm,,Brazil,vale da grama,semi-washed,,false,,3,2,,,cqi,https://github.com/jldbc/coffee-quality-database,2026-09-24
cqi:arabica_2018:385,"Tanzania, United Republic Of karatu northern ngila estate",,Tanzania,karatu northern,washed,,false,,4,3,,,cqi,https://github.com/jldbc/coffee-quality-database,2026-09-24
cqi:arabica_2018:386,Colombia huila,,Colombia,huila,washed,,false,,4,4,,,cqi,https://github.com/jldbc/coffee-quality-database,2026-09-24
cqi:arabica_2018:387,Guatemala oriente el papaturro,,Guatemala,oriente,natural,,false,,5,3,,,cqi,https://github.com/jldbc/coffee-quality-database,2026-09-24
cqi:arabica_2018:388,Guatemala antigua finca medina,,Guatemala,antigua,washed,,false,,5,3,,,cqi,https://github.com/jldbc/coffee-quality-database,2026-09-24
cqi:arabica_2018:389,Guatemala oriente el morito,,Guatemala,oriente,washed,,false,,2,4,,,cqi,https://github.com/jldbc/coffee-quality-database,2026-09-24
cqi:arabica_2018:39,United States antioquia la primavera,,United States,antioquia,washed,,false,,5,5,,,cqi,https://github.com/jldbc/coffee-quality-database,2026-09-24
cqi:arabica_2018:390,United States (Hawaii) kona,,United States,kona,natural,,false,,3,4,,,cqi,https://github.com/jldbc/coffee-quality-database,2026-09-24
cqi:arabica_2018:391,Colombia cundinamarca various,,Colombia,cundinamarca,washed,,false,,3,4,,,cqi,https://github.com/jldbc/coffee-quality-database,2026-09-24
cqi:arabica_2018:392,Colombia huila,,Colombia,huila,,,false,,4,4,,,cqi,https://github.com/jldbc/coffee-quality-database,2026-09-24
cqi:arabica_2018:393,United States (Hawaii) kona kona pacific farmers cooperative,,United States,kona,,,false,,4,5,,,cqi,https://github.com/jldbc/coffee-quality-database,2026-09-24
cqi:arabica_2018:394,Thailand doi tung development project,,Thailand,,,,false,,5,5,,,cqi,https://github.com/jldbc/coffee-quality-database,2026-09-24
cqi:arabica_2018:395,Mexico nayarit,,Mexico,nayarit,,,false,,3,3,,,cqi,https://github.com/jldbc/coffee-quality-database,2026-09-24
cqi:arabica_2018:396,Colombia huila various,,Colombia,huila,washed,,false,,3,3,,,cqi,https://github.com/jldbc/coffee-quality-database,2026-09-24
cqi:arabica_2018:397,Colombia guayata,,Colombia,guayata,washed,,false,,2,4,,,cqi,https://github.com/jldbc/coffee-quality-database,2026-09-24
cqi:arabica_2018:398,Colombia huila,,Colombia,huila,washed,,false,,3,3,,,cqi,https://github.com/jldbc/coffee-quality-database,2026-09-24
cqi:arabica_2018:399,Brazil south of minas rio verde,,Brazil,south of minas,semi-washed,,false,,3,3,,,cqi,https://github.com/jldbc/coffee-quality-database,2026-09-24
cqi:arabica_2018:4,Ethiopia guji-hambela metad plc,,Ethiopia,guji-hambela,washed,,false,,5,5,,,cqi,https://github.com/jldbc/coffee-quality-database,2026-09-24
cqi:arabica_2018:40,Thailand chiang rai co-op #12,,Thailand,chiang rai,washed,,false,,5,3,,,cqi,https://github.com/jldbc/coffee-quality-database,2026-09-24
cqi:arabica_2018:400,Mexico chiapas ecc,,Mexico,chiapas,washed,,false,,4,3,,,cqi,https://github.com/jldbc/coffee-quality-database,2026-09-24
cqi:arabica_2018:401,Colombia santander various,,Colombia,santander,washed,,false,,5,5,,,cqi,https://github.com/jldbc/coffee-quality-database,2026-09-24
cqi:arabica_2018:402,"Tanzania, United Republic Of arusha mondul coffee estate",,Tanzania,arusha,semi-washed,,false,,3,3,,,cqi,https://github.com/jldbc/coffee-quality-database,2026-09-24
cqi:arabica_2018:403,Mexico veracruz el pino,,Mexico,veracruz,washed,,false,,4,3,,,cqi,https://github.com/jldbc/coffee-quality-database,2026-09-24
cqi:arabica_2018:404,Costa Rica san ramon several,,Costa Rica,san ramon,washed,,false,,4,4,,,cqi,https://github.com/jldbc/coffee-quality-database,2026-09-24
cqi:arabica_2018:405,United States (Hawaii) kona,,United States,kona,natural,,false,,4,5,,,cqi,https://github.com/jldbc/coffee-quality-database,2026-09-24
cqi:arabica_2018:406,Costa Rica central valley several,,Costa Rica,central valley,washed,,false,,3,5,,,cqi,https://github.com/jldbc/coffee-quality-database,2026-09-24
cqi:arabica_2018:407,Peru,,Peru,,washed,,false,,5,5,,,cqi,https://github.com/jldbc/coffee-quality-database,2026-09-24
cqi:arabica_2018:408,"Haiti thiotte, haiti marre blanche",,Haiti,"thiotte, haiti",washed,,false,,3,5,,,cqi,https://github.com/jldbc/coffee-quality-database,2026-09-24
cqi:arabica_2018:409,Colombia pitalito,,Colombia,pitalito,natural,,false,,4,5,,,cqi,https://github.com/jldbc/coffee-quality-database,2026-09-24
cqi:arabica_2018:41,Brazil sul de minas - carmo de minas pereira estate coffee,,Brazil,sul de minas - carmo de minas,,,false,,4,5,,,cqi,https://github.com/jldbc/coffee-quality-database,2026-09-24
cqi:arabica_2018:410,Guatemala oriente el sacramento,,Guatemala,oriente,washed,,false,,4,4,,,cqi,https://github.com/jldbc/coffee-quality-database,2026-09-24
cqi:arabica_2018:411,United States (Hawaii) kona,,United States,kona,natural,,false,,5,4,,,cqi,https://github.com/jldbc/coffee-quality-database,2026-09-24
cqi:arabica_2018:412,Burundi kayanza sogestal kayanza,,Burundi,kayanza,washed,,false,,3,3,,,cqi,https://github.com/jldbc/coffee-quality-database,2026-09-24
cqi:arabica_2018:413,Colombia huila,,Colombia,huila,washed,,false,,3,4,,,cqi,https://github.com/jldbc/coffee-quality-database,2026-09-24
cqi:arabica_2018:414,United States (Hawaii) kona,,United States,kona,,,false,,4,4,,,cqi,https://github.com/jldbc/coffee-quality-database,2026-09-24
cqi:arabica_2018:415,United States (Hawaii),,United States,,,,false,,3,5,,,cqi,https://github.com/jldbc/coffee-quality-database,2026-09-24
cqi:arabica_2018:416,Mexico sierra madre occidental corta pico,,Mexico,sierra madre occidental,washed,,false,,5,2,,,cqi,https://github.com/jldbc/coffee-quality-database,2026-09-24
cqi:arabica_2018:417,Costa Rica tarrazu estate la patricia,,Costa Rica,tarrazu,honey,,false,,3,4,,,cqi,https://github.com/jldbc/coffee-quality-database,2026-09-24
cqi:arabica_2018:418,Costa Rica tarrazu coopellanobonito,,Costa Rica,tarrazu,washed,,false,,4,3,,,cqi,https://github.com/jldbc/coffee-quality-database,2026-09-24
cqi:arabica_2018:419,Guatemala nuevo oriente linda vista,,Guatemala,nuevo oriente,washed,,false,,5,4,,,cqi,https://github.com/jldbc/coffee-quality-database,2026-09-24
cqi:arabica_2018:42,Brazil sul de minas - carmo de minas pereira estate coffee,,Brazil,sul de minas - carmo de minas,,,false,,4,5,,,cqi,https://github.com/jldbc/coffee-quality-database,2026-09-24
cqi:arabica_2018:420,"Uganda sipi, mt elgon kawacom uganda ltd sipi farmers group",,Uganda,"sipi, mt elgon",washed,,false,,2,4,,,cqi,https://github.com/jldbc/coffee-quality-database,2026-09-24
cqi:arabica_2018:421,Brazil campos altos - cerrado,,Brazil,campos altos - cerrado,,,false,,3,4,,,cqi,https://github.com/jldbc/coffee-quality-database,2026-09-24
cqi:arabica_2018:422,Colombia huila,,Colombia,huila,natural,,false,,1,4,,,cqi,https://github.com/jldbc/coffee-quality-database,2026-09-24
cqi:arabica_2018:423,Mexico cuarenteño los charcos,,Mexico,cuarenteño,natural,,false,,3,3,,,cqi,https://github.com/jldbc/coffee-quality-database,2026-09-24
cqi:arabica_2018:424,Taiwan natou county sunshine valley estate 向陽高山咖啡,,Taiwan,natou county,washed,,false,,3,4,,,cqi,https://github.com/jldbc/coffee-quality-database,2026-09-24
cqi:arabica_2018:425,Taiwan 南投國姓 以勒咖啡,,Taiwan,南投國姓,washed,,false,,3,3,,,cqi,https://github.com/jldbc/coffee-quality-database,2026-09-24
cqi:arabica_2018:426,Colombia eje cafetero,,Colombia,eje cafetero,natural,,false,,3,3,,,cqi,https://github.com/jldbc/coffee-quality-database,2026-09-24
cqi:arabica_2018:427,Guatemala antigua finca medina,,Guatemala,antigua,washed,,false,,4,4,,,cqi,https://github.com/jldbc/coffee-quality-database,2026-09-24
cqi:arabica_2018:428,Colombia huila,,Colombia,huila,washed,,false,,2,4,,,cqi,https://github.com/jldbc/coffee-quality-database,2026-09-24
cqi:arabica_2018:429,Mexico chiapas various,,Mexico,chiapas,washed,,false,,3,3,,,cqi,https://github.com/jldbc/coffee-quality-database,2026-09-24
cqi:arabica_2018:43,Taiwan natou county sunshine valley estate 向陽高山咖啡,,Taiwan,natou county,semi-washed,,false,,5,4,,,cqi,https://github.com/jldbc/coffee-quality-database,2026-09-24
cqi:arabica_2018:430,United States (Hawaii) kona,,United States,kona,natural,,false,,5,5,,,cqi,https://github.com/jldbc/coffee-quality-database,2026-09-24
cqi:arabica_2018:431,Mexico veracruz finca teocelo,,Mexico,veracruz,washed,,false,,3,3,,,cqi,https://github.com/jldbc/coffee-quality-database,2026-09-24
cqi:arabica_2018:432,Mexico fortín de las flores mata larga,,Mexico,fortín de las flores,washed,,false,,5,2,,,cqi,https://github.com/jldbc/coffee-quality-database,2026-09-24
cqi:arabica_2018:433,Guatemala oriente agropecuaria quiagral,,Guatemala,oriente,washed,,false,,5,2,,,cqi,https://github.com/jldbc/coffee-quality-database,2026-09-24
cqi:arabica_2018:434,Brazil grama valley água limpa,,Brazil,grama valley,semi-washed,,false,,3,3,,,cqi,https://github.com/jldbc/coffee-quality-database,2026-09-24
cqi:arabica_2018:435,Colombia huila,,Colombia,huila,washed,,false,,2,5,,,cqi,https://github.com/jldbc/coffee-quality-database,2026-09-24
cqi:arabica_2018:436,Colombia la plata,,Colombia,la plata,washed,,false,,3,3,,,cqi,https://github.com/jldbc/coffee-quality-database,2026-09-24
cqi:arabica_2018:437,Colombia huila,,Colombia,huila,,,false,,2,5,,,cqi,https://github.com/jldbc/coffee-quality-database,2026-09-24
cqi:arabica_2018:438,Colombia cauca,,Colombia,cauca,,,false,,1,4,,,cqi,https://github.com/jldbc/coffee-quality-database,2026-09-24
cqi:arabica_2018:439,Colombia cundinamarca,,Colombia,cundinamarca,,,false,,2,2,,,cqi,https://github.com/jldbc/coffee-quality-database,2026-09-24
cqi:arabica_2018:44,Kenya nyeri jungle estate,,Kenya,nyeri,natural,,false,,5,5,,,cqi,https://github.com/jldbc/coffee-quality-database,2026-09-24
cqi:arabica_2018:440,Brazil south of minas fazenda capoeirnha,,Brazil,south of minas,natural,,false,,3,4,,,cqi,https://github.com/jldbc/coffee-quality-database,2026-09-24
cqi:arabica_2018:441,Guatemala oriente beneficio el torreon,,Guatemala,oriente,washed,,false,,4,4,,,cqi,https://github.com/jldbc/coffee-quality-database,2026-09-24
cqi:arabica_2018:442,"Tanzania, United Republic Of moshi mamsera",,Tanzania,moshi,washed,,false,,4,4,,,cqi,https://github.com/jldbc/coffee-quality-database,2026-09-24
cqi:arabica_2018:443,Peru,,Peru,,,,false,,3,4,,,cqi,https://github.com/jldbc/coffee-quality-database,2026-09-24
cqi:arabica_2018:444,Vietnam dala apollo estate,,Vietnam,dala,natural,,false,,2,3,,,cqi,https://github.com/jldbc/coffee-quality-database,2026-09-24
cqi:arabica_2018:445,Guatemala antigua finca medina,,Guatemala,antigua,washed,,false,,4,3,,,cqi,https://github.com/jldbc/coffee-quality-database,2026-09-24
cqi:arabica_2018:446,Honduras marcala bethel,,Honduras,marcala,washed,,false,,4,3,,,cqi,https://github.com/jldbc/coffee-quality-database,2026-09-24
cqi:arabica_2018:447,China yunnan chen lin,,China,yunnan,washed,,false,,4,4,,,cqi,https://github.com/jldbc/coffee-quality-database,2026-09-24
cqi:arabica_2018:448,China dehong prefecture yunnan success trade co.ltd,,China,dehong prefecture,washed,,false,,4,2,,,cqi,https://github.com/jldbc/coffee-quality-database,2026-09-24
cqi:arabica_2018:449,El Salvador apaneca agua caliente,,El Salvador,apaneca,washed,,false,,4,5,,,cqi,https://github.com/jldbc/coffee-quality-database,2026-09-24
cqi:arabica_2018:45,Brazil south of minas fazenda kaquend,,Brazil,south of minas,semi-washed,,false,,5,4,,,cqi,https://github.com/jldbc/coffee-quality-database,2026-09-24
cqi:arabica_2018:450,Guatemala antigua finca medina,,Guatemala,antigua,washed,,false,,5,3,,,cqi,https://github.com/jldbc/coffee-quality-database,2026-09-24
cqi:arabica_2018:451,"Guatemala oriente la esperanza, margarita nuyes",,Guatemala,oriente,washed,,false,,4,3,,,cqi,https://github.com/jldbc/coffee-quality-database,2026-09-24
cqi:arabica_2018:452,Kenya kenya,,Kenya,kenya,washed,,false,,4,5,,,cqi,https://github.com/jldbc/coffee-quality-database,2026-09-24
cqi:arabica_2018:453,Thailand thailand,,Thailand,thailand,washed,,false,,4,2,,,cqi,https://github.com/jldbc/coffee-quality-database,2026-09-24
cqi:arabica_2018:454,"Tanzania, United Republic Of mbinga myanganyanga",,Tanzania,mbinga,washed,,false,,3,2,,,cqi,https://github.com/jldbc/coffee-quality-database,2026-09-24
cqi:arabica_2018:455,Colombia huila,,Colombia,huila,washed,,false,,4,3,,,cqi,https://github.com/jldbc/coffee-quality-database,2026-09-24
cqi:arabica_2018:456,Uganda eastern kaptanya,,Uganda,eastern,washed,,false,,2,2,,,cqi,https://github.com/jldbc/coffee-quality-database,2026-09-24
cqi:arabica_2018:457,Colombia unkown,,Colombia,,washed,,false,,3,3,,,cqi,https://github.com/jldbc/coffee-quality-database,2026-09-24
cqi:arabica_2018:458,Honduras san marcos el cerron,,Honduras,san marcos,natural,,false,,4,4,,,cqi,https://github.com/jldbc/coffee-quality-database,2026-09-24
cqi:arabica_2018:459,Honduras comayagua los hicaques,,Honduras,comayagua,natural,,false,,4,3,,,cqi,https://github.com/jldbc/coffee-quality-database,2026-09-24
cqi:arabica_2018:46,Uganda eastern uganda kaasayi,,Uganda,eastern uganda,semi-washed,,false,,5,5,,,cqi,https://github.com/jldbc/coffee-quality-database,2026-09-24
cqi:arabica_2018:460,Guatemala san marcos nueva granada,,Guatemala,san marcos,washed,,false,,5,2,,,cqi,https://github.com/jldbc/coffee-quality-database,2026-09-24
cqi:arabica_2018:461,United States (Hawaii) kona,,United States,kona,natural,,false,,2,5,,,cqi,https://github.com/jldbc/coffee-quality-database,2026-09-24
cqi:arabica_2018:462,"Tanzania, United Republic Of kilimanjaro",,Tanzania,kilimanjaro,washed,,false,,4,3,,,cqi,https://github.com/jldbc/coffee-quality-database,2026-09-24
cqi:arabica_2018:463,Guatemala oriente finca el morito,,Guatemala,oriente,washed,,false,,4,3,,,cqi,https://github.com/jldbc/coffee-quality-database,2026-09-24
cqi:arabica_2018:464,Mexico chiapas santa cecilia,,Mexico,chiapas,washed,,false,,3,3,,,cqi,https://github.com/jldbc/coffee-quality-database,2026-09-24
cqi:arabica_2018:465,"Mexico tlanchinol, hidalgo tlapacoya",,Mexico,"tlanchinol, hidalgo",washed,,false,,3,2,,,cqi,https://github.com/jldbc/coffee-quality-database,2026-09-24
cqi:arabica_2018:466,Mexico san bartolo tutotepec la loma,,Mexico,san bartolo tutotepec,washed,,false,,4,3,,,cqi,https://github.com/jldbc/coffee-quality-database,2026-09-24
cqi:arabica_2018:467,Colombia huila,,Colombia,huila,washed,,false,,3,3,,,cqi,https://github.com/jldbc/coffee-quality-database,2026-09-24
cqi:arabica_2018:468,Mexico san isidro el mirador,,Mexico,san isidro,washed,,false,,4,3,,,cqi,https://github.com/jldbc/coffee-quality-database,2026-09-24
cqi:arabica_2018:469,Colombia huila,,Colombia,huila,washed,,false,,3,4,,,cqi,https://github.com/jldbc/coffee-quality-database,2026-09-24
cqi:arabica_2018:47,Colombia tolima ecobio colombia,,Colombia,tolima,washed,,false,,5,5,,,cqi,https://github.com/jldbc/coffee-quality-database,2026-09-24
cqi:arabica_2018:470,Mexico la concordia finca nueva linda,,Mexico,la concordia,washed,,false,,3,4,,,cqi,https://github.com/jldbc/coffee-quality-database,2026-09-24
cqi:arabica_2018:471,Brazil south of minas campo das flores,,Brazil,south of minas,natural,,false,,3,3,,,cqi,https://github.com/jldbc/coffee-quality-database,2026-09-24
cqi:arabica_2018:472,Brazil mogiana são francisco da serra,,Brazil,mogiana,natural,,false,,3,2,,,cqi,https://github.com/jldbc/coffee-quality-database,2026-09-24
cqi:arabica_2018:473,Guatemala oriente conquista / morito,,Guatemala,oriente,washed,,false,,3,5,,,cqi,https://github.com/jldbc/coffee-quality-database,2026-09-24
cqi:arabica_2018:474,Brazil south of minas fazenda do lobo,,Brazil,south of minas,semi-washed,,false,,3,4,,,cqi,https://github.com/jldbc/coffee-quality-database,2026-09-24
cqi:arabica_2018:475,Brazil south of minas olhos d'agua,,Brazil,south of minas,,,false,,3,4,,,cqi,https://github.com/jldbc/coffee-quality-database,2026-09-24
cqi:arabica_2018:476,El Salvador santa ana several,,El Salvador,santa ana,,,false,,5,1,,,cqi,https://github.com/jldbc/coffee-quality-database,2026-09-24
cqi:arabica_2018:477,Ethiopia limu tega and tula special coffee farm,,Ethiopia,limu,,,false,,5,5,,,cqi,https://github.com/jldbc/coffee-quality-database,2026-09-24
cqi:arabica_2018:478,Colombia cundinamarca,,Colombia,cundinamarca,washed,,false,,4,4,,,cqi,https://github.com/jldbc/coffee-quality-database,2026-09-24
cqi:arabica_2018:479,Colombia huila,,Colombia,huila,washed,,false,,2,5,,,cqi,https://github.com/jldbc/coffee-quality-database,2026-09-24
cqi:arabica_2018:48,Kenya kiambu kianjavi,,Kenya,kiambu,washed,,false,,5,3,,,cqi,https://github.com/jldbc/coffee-quality-database,2026-09-24
cqi:arabica_2018:480,Brazil south of minas capoeirinha,,Brazil,south of minas,honey,,false,,3,4,,,cqi,https://github.com/jldbc/coffee-quality-database,2026-09-24
cqi:arabica_2018:481,Brazil south of minas rio verde,,Brazil,south of minas,natural,,false,,2,4,,,cqi,https://github.com/jldbc/coffee-quality-database,2026-09-24
cqi:arabica_2018:482,"Taiwan dongshan dist., tainan city 臺南市東山區 kan tou mountain coffee 崁頭山咖啡館",,Taiwan,"dongshan dist., tainan city 臺南市東山區",natural,,false,,5,4,,,cqi,https://github.com/jldbc/coffee-quality-database,2026-09-24
cqi:arabica_2018:483,Brazil chapadão de ferro (cerrado mineiro),,Brazil,chapadão de ferro (cerrado mineiro),natural,,false,,3,4,,,cqi,https://github.com/jldbc/coffee-quality-database,2026-09-24
cqi:arabica_2018:484,Brazil south of minas rio verde,,Brazil,south of minas,washed,,false,,2,2,,,cqi,https://github.com/jldbc/coffee-quality-database,2026-09-24
cqi:arabica_2018:485,Costa Rica central valley various,,Costa Rica,central valley,washed,,false,,4,3,,,cqi,https://github.com/jldbc/coffee-quality-database,2026-09-24
cqi:arabica_2018:486,United States (Hawaii) kona,,United States,kona,natural,,false,,2,5,,,cqi,https://github.com/jldbc/coffee-quality-database,2026-09-24
cqi:arabica_2018:487,Taiwan chiayi alishan 嘉義縣阿里山鄉 alishan zou zhu yuan 阿里山鄒築園,,Taiwan,chiayi alishan 嘉義縣阿里山鄉,,,false,,3,3,,,cqi,https://github.com/jldbc/coffee-quality-database,2026-09-24
cqi:arabica_2018:488,United States (Hawaii) kona,,United States,kona,natural,,false,,1,4,,,cqi,https://github.com/jldbc/coffee-quality-database,2026-09-24
cqi:arabica_2018:489,Mexico santa catarina juquila santa maria,,Mexico,santa catarina juquila,washed,,false,,4,3,,,cqi,https://github.com/jldbc/coffee-quality-database,2026-09-24
cqi:arabica_2018:49,"Uganda sipi, mt elgon",,Uganda,"sipi, mt elgon",washed,,false,,5,5,,,cqi,https://github.com/jldbc/coffee-quality-database,2026-09-24
cqi:arabica_2018:490,United States (Hawaii) kona,,United States,kona,natural,,false,,4,5,,,cqi,https://github.com/jldbc/coffee-quality-database,2026-09-24
cqi:arabica_2018:491,United States (Hawaii) kona,,United States,kona,washed,,false,,5,4,,,cqi,https://github.com/jldbc/coffee-quality-database,2026-09-24
cqi:arabica_2018:492,Colombia huila,,Colombia,huila,,,false,,3,1,,,cqi,https://github.com/jldbc/coffee-quality-database,2026-09-24
cqi:arabica_2018:493,Colombia cauca,,Colombia,cauca,,,false,,1,2,,,cqi,https://github.com/jldbc/coffee-quality-database,2026-09-24
cqi:arabica_2018:494,Indonesia dolok sanggul lintong nihuta,,Indonesia,dolok sanggul,,,false,,3,4,,,cqi,https://github.com/jldbc/coffee-quality-database,2026-09-24
cqi:arabica_2018:495,Guatemala,,Guatemala,,,,false,,1,5,,,cqi,https://github.com/jldbc/coffee-quality-database,2026-09-24
cqi:arabica_2018:496,Brazil south of minas fazenda capoeirnha,,Brazil,south of minas,natural,,false,,4,4,,,cqi,https://github.com/jldbc/coffee-quality-database,2026-09-24
cqi:arabica_2018:497,Brazil south of minas fazenda capoeirnha,,Brazil,south of minas,natural,,false,,4,3,,,cqi,https://github.com/jldbc/coffee-quality-database,2026-09-24
cqi:arabica_2018:498,Brazil south of minas capoeirinha,,Brazil,south of minas,natural,,false,,4,3,,,cqi,https://github.com/jldbc/coffee-quality-database,2026-09-24
cqi:arabica_2018:499,"Uganda kasese, mt. rwenzori isule farmers group",,Uganda,"kasese, mt. rwenzori",washed,,false,,2,5,,,cqi,https://github.com/jldbc/coffee-quality-database,2026-09-24
cqi:arabica_2018:5,Brazil,,Brazil,,natural,,false,,5,5,,,cqi,https://github.com/jldbc/coffee-quality-database,2026-09-24
cqi:arabica_2018:50,Ethiopia sidamo contact | sidacoop@ethionet.net,,Ethiopia,sidamo,,,false,,5,5,,,cqi,https://github.com/jldbc/coffee-quality-database,2026-09-24
cqi:arabica_2018:500,"Uganda kasese, mt. rwenzori ibanda farmers group",,Uganda,"kasese, mt. rwenzori",natural,,false,,3,2,,,cqi,https://github.com/jldbc/coffee-quality-database,2026-09-24
cqi:arabica_2018:501,Colombia huila,,Colombia,huila,,,false,,4,3,,,cqi,https://github.com/jldbc/coffee-quality-database,2026-09-24
cqi:arabica_2018:502,Vietnam vietnam cau dat apollo estate,,Vietnam,vietnam cau dat,,,false,,3,2,,,cqi,https://github.com/jldbc/coffee-quality-database,2026-09-24
cqi:arabica_2018:503,Guatemala nuevo oriente el chile,,Guatemala,nuevo oriente,washed,,false,,5,2,,,cqi,https://github.com/jldbc/coffee-quality-database,2026-09-24
cqi:arabica_2018:504,"Guatemala el tumbador, san marcos nueva granada",,Guatemala,"el tumbador, san marcos",washed,,false,,4,3,,,cqi,https://github.com/jldbc/coffee-quality-database,2026-09-24
cqi:arabica_2018:505,Guatemala antigua finca medina,,Guatemala,antigua,washed,,false,,4,4,,,cqi,https://github.com/jldbc/coffee-quality-database,2026-09-24
cqi:arabica_2018:506,Brazil high mogiana fazenda santo antonio,,Brazil,high mogiana,natural,,false,,3,2,,,cqi,https://github.com/jldbc/coffee-quality-database,2026-09-24
cqi:arabica_2018:507,Taiwan 嘉義阿里山 雅慕伊,,Taiwan,嘉義阿里山,washed,,false,,3,2,,,cqi,https://github.com/jldbc/coffee-quality-database,2026-09-24
cqi:arabica_2018:508,Uganda kapchorwa kabeywa county,,Uganda,kapchorwa,washed,,false,,3,3,,,cqi,https://github.com/jldbc/coffee-quality-database,2026-09-24
cqi:arabica_2018:509,United States (Puerto Rico) yauco region hacienda caracolillo,,United States,yauco region,washed,,false,,5,4,,,cqi,https://github.com/jldbc/coffee-quality-database,2026-09-24
cqi:arabica_2018:51,United States (Hawaii) kona hula daddy kona coffee,,United States,kona,,,false,,5,4,,,cqi,https://github.com/jldbc/coffee-quality-database,2026-09-24
cqi:arabica_2018:510,Guatemala antigua grupo medina (pequeños productores),,Guatemala,antigua,washed,,false,,5,3,,,cqi,https://github.com/jldbc/coffee-quality-database,2026-09-24
cqi:arabica_2018:511,Costa Rica central valley several,,Costa Rica,central valley,washed,,false,,3,3,,,cqi,https://github.com/jldbc/coffee-quality-database,2026-09-24
cqi:arabica_2018:512,Brazil sul de minas sertao farm,,Brazil,sul de minas,semi-washed,,false,,4,2,,,cqi,https://github.com/jldbc/coffee-quality-database,2026-09-24
cqi:arabica_2018:513,Colombia huila,,Colombia,huila,washed,,false,,3,3,,,cqi,https://github.com/jldbc/coffee-quality-database,2026-09-24
cqi:arabica_2018:514,Colombia huila,,Colombia,huila,washed,,false,,2,3,,,cqi,https://github.com/jldbc/coffee-quality-database,2026-09-24
cqi:arabica_2018:515,Colombia pitalito,,Colombia,pitalito,natural,,false,,2,4,,,cqi,https://github.com/jldbc/coffee-quality-database,2026-09-24
cqi:arabica_2018:516,Colombia pitalito,,Colombia,pitalito,natural,,false,,4,3,,,cqi,https://github.com/jldbc/coffee-quality-database,2026-09-24
cqi:arabica_2018:517,Colombia huila,,Colombia,huila,washed,,false,,3,4,,,cqi,https://github.com/jldbc/coffee-quality-database,2026-09-24
cqi:arabica_2018:518,Mexico coatepec vegas,,Mexico,coatepec,washed,,false,,3,4,,,cqi,https://github.com/jldbc/coffee-quality-database,2026-09-24
cqi:arabica_2018:519,Mexico atoyac de alvarez finca la estancia,,Mexico,atoyac de alvarez,semi-washed,,false,,3,3,,,cqi,https://github.com/jldbc/coffee-quality-database,2026-09-24
cqi:arabica_2018:52,Guatemala nuevo oriente la esperanza y anexos,,Guatemala,nuevo oriente,washed,,false,,5,5,,,cqi,https://github.com/jldbc/coffee-quality-database,2026-09-24
cqi:arabica_2018:520,Mexico coatepec las lomas,,Mexico,coatepec,washed,,false,,3,3,,,cqi,https://github.com/jldbc/coffee-quality-database,2026-09-24
cqi:arabica_2018:521,Colombia,,Colombia,,natural,,false,,3,4,,,cqi,https://github.com/jldbc/coffee-quality-database,2026-09-24
cqi:arabica_2018:522,Colombia huila various,,Colombia,huila,washed,,false,,4,5,,,cqi,https://github.com/jldbc/coffee-quality-database,2026-09-24
cqi:arabica_2018:523,Colombia huila,,Colombia,huila,washed,,false,,3,4,,,cqi,https://github.com/jldbc/coffee-quality-database,2026-09-24
cqi:arabica_2018:524,"Guatemala la reforma, san marcos la igualdad",,Guatemala,"la reforma, san marcos",washed,,false,,4,3,,,cqi,https://github.com/jldbc/coffee-quality-database,2026-09-24
cqi:arabica_2018:525,Colombia la plata,,Colombia,la plata,washed,,false,,3,4,,,cqi,https://github.com/jldbc/coffee-quality-database,2026-09-24
cqi:arabica_2018:526,Thailand doi tung development project,,Thailand,,,,false,,3,4,,,cqi,https://github.com/jldbc/coffee-quality-database,2026-09-24
cqi:arabica_2018:527,Colombia cauca,,Colombia,cauca,,,false,,2,3,,,cqi,https://github.com/jldbc/coffee-quality-database,2026-09-24
cqi:arabica_2018:528,United States (Hawaii),,United States,,,,false,,5,5,,,cqi,https://github.com/jldbc/coffee-quality-database,2026-09-24
cqi:arabica_2018:529,United States (Hawaii),,United States,,,,false,,3,3,,,cqi,https://github.com/jldbc/coffee-quality-database,2026-09-24
cqi:arabica_2018:53,Uganda eastern sipi organic coffee project,,Uganda,eastern,natural,,false,,5,5,,,cqi,https://github.com/jldbc/coffee-quality-database,2026-09-24
cqi:arabica_2018:530,Colombia huila,,Colombia,huila,,,false,,4,3,,,cqi,https://github.com/jldbc/coffee-quality-database,2026-09-24
cqi:arabica_2018:531,Nicaragua matagalpa santa rosa,,Nicaragua,matagalpa,,,false,,5,5,,,cqi,https://github.com/jldbc/coffee-quality-database,2026-09-24
cqi:arabica_2018:532,Thailand doi tung development project,,Thailand,,,,false,,4,5,,,cqi,https://github.com/jldbc/coffee-quality-database,2026-09-24
cqi:arabica_2018:533,Brazil south of minas fazenda capoeirnha,,Brazil,south of minas,natural,,false,,3,3,,,cqi,https://github.com/jldbc/coffee-quality-database,2026-09-24
cqi:arabica_2018:534,El Salvador apaneca santa josefita,,El Salvador,apaneca,washed,,false,,3,5,,,cqi,https://github.com/jldbc/coffee-quality-database,2026-09-24
cqi:arabica_2018:535,Colombia guayata,,Colombia,guayata,washed,,false,,2,4,,,cqi,https://github.com/jldbc/coffee-quality-database,2026-09-24
cqi:arabica_2018:536,"Taiwan dongshan dist., tainan city 臺南市東山區 shi fang yuan 十方源",,Taiwan,"dongshan dist., tainan city 臺南市東山區",natural,,false,,4,4,,,cqi,https://github.com/jldbc/coffee-quality-database,2026-09-24
cqi:arabica_2018:537,"Ethiopia blida,kercha,guji,oromia -",,Ethiopia,"blida,kercha,guji,oromia",washed,,false,,3,3,,,cqi,https://github.com/jldbc/coffee-quality-database,2026-09-24
cqi:arabica_2018:538,Taiwan 台東太麻里 佐佑品咖啡莊園,,Taiwan,台東太麻里,natural,,false,,2,3,,,cqi,https://github.com/jldbc/coffee-quality-database,2026-09-24
cqi:arabica_2018:539,"Philippines bukidnon, mindanao, philppines kalugmanan agri development corp.",,Philippines,"bukidnon, mindanao, philppines",washed,,false,,3,3,,,cqi,https://github.com/jldbc/coffee-quality-database,2026-09-24
cqi:arabica_2018:54,Colombia huila,,Colombia,huila,washed,,false,,5,5,,,cqi,https://github.com/jldbc/coffee-quality-database,2026-09-24
cqi:arabica_2018:540,"Philippines asia pacific several, bukidnon, mindanao, philippines",,Philippines,asia pacific,washed,,false,,2,2,,,cqi,https://github.com/jldbc/coffee-quality-database,2026-09-24
cqi:arabica_2018:541,Mexico cuarenteño pinzoneno,,Mexico,cuarenteño,natural,,false,,3,3,,,cqi,https://github.com/jldbc/coffee-quality-database,2026-09-24
cqi:arabica_2018:542,Mexico chiapas fiech (mixed producers),,Mexico,chiapas,washed,,false,,2,4,,,cqi,https://github.com/jldbc/coffee-quality-database,2026-09-24
cqi:arabica_2018:543,Brazil cerrado fazenda pantano,,Brazil,cerrado,semi-washed,,false,,5,4,,,cqi,https://github.com/jldbc/coffee-quality-database,2026-09-24
cqi:arabica_2018:544,Uganda eastern sipi organic coffee project,,Uganda,eastern,washed,,false,,3,2,,,cqi,https://github.com/jldbc/coffee-quality-database,2026-09-24
cqi:arabica_2018:545,Uganda west nile nyapea coffee farmers,,Uganda,west nile,washed,,false,,3,3,,,cqi,https://github.com/jldbc/coffee-quality-database,2026-09-24
cqi:arabica_2018:546,Guatemala antigua finca medina,,Guatemala,antigua,washed,,false,,3,4,,,cqi,https://github.com/jldbc/coffee-quality-database,2026-09-24
cqi:arabica_2018:547,Guatemala antigua finca medina,,Guatemala,antigua,natural,,false,,3,2,,,cqi,https://github.com/jldbc/coffee-quality-database,2026-09-24
cqi:arabica_2018:548,Guatemala,,Guatemala,,washed,,false,,3,3,,,cqi,https://github.com/jldbc/coffee-quality-database,2026-09-24
cqi:arabica_2018:549,Colombia huila,,Colombia,huila,washed,,false,,2,3,,,cqi,https://github.com/jldbc/coffee-quality-database,2026-09-24
cqi:arabica_2018:55,Panama boquete la berlina estate,,Panama,boquete,washed,,false,,5,5,,,cqi,https://github.com/jldbc/coffee-quality-database,2026-09-24
cqi:arabica_2018:550,Colombia huila,,Colombia,huila,natural,,false,,3,4,,,cqi,https://github.com/jldbc/coffee-quality-database,2026-09-24
cqi:arabica_2018:551,Guatemala huehuetenango finca los cerros y anexos,,Guatemala,huehuetenango,washed,,false,,5,3,,,cqi,https://github.com/jldbc/coffee-quality-database,2026-09-24
cqi:arabica_2018:552,Colombia antioquia,,Colombia,antioquia,washed,,false,,2,3,,,cqi,https://github.com/jldbc/coffee-quality-database,2026-09-24
cqi:arabica_2018:553,Mexico petatlan el regalito,,Mexico,petatlan,natural,,false,,1,3,,,cqi,https://github.com/jldbc/coffee-quality-database,2026-09-24
cqi:arabica_2018:554,"Vietnam don duong apollo co., ltd.",,Vietnam,don duong,natural,,false,,3,5,,,cqi,https://github.com/jldbc/coffee-quality-database,2026-09-24
cqi:arabica_2018:555,Mexico la cumbre el jabali,,Mexico,la cumbre,washed,,false,,1,4,,,cqi,https://github.com/jldbc/coffee-quality-database,2026-09-24
cqi:arabica_2018:556,United States (Hawaii) kona,,United States,kona,washed,,false,,2,4,,,cqi,https://github.com/jldbc/coffee-quality-database,2026-09-24
cqi:arabica_2018:557,Colombia cauca,,Colombia,cauca,,,false,,4,1,,,cqi,https://github.com/jldbc/coffee-quality-database,2026-09-24
cqi:arabica_2018:558,Thailand doi tung development project,,Thailand,,,,false,,1,3,,,cqi,https://github.com/jldbc/coffee-quality-database,2026-09-24
cqi:arabica_2018:559,Kenya nyeri jungle estate,,Kenya,nyeri,washed,,false,,3,3,,,cqi,https://github.com/jldbc/coffee-quality-database,2026-09-24
cqi:arabica_2018:56,Ethiopia oromia,,Ethiopia,oromia,washed,,false,,5,5,,,cqi,https://github.com/jldbc/coffee-quality-database,2026-09-24
cqi:arabica_2018:560,Guatemala san marcos piamonte,,Guatemala,san marcos,washed,,false,,4,3,,,cqi,https://github.com/jldbc/coffee-quality-database,2026-09-24
cqi:arabica_2018:561,Brazil south of minas capoeirinha,,Brazil,south of minas,honey,,false,,3,3,,,cqi,https://github.com/jldbc/coffee-quality-database,2026-09-24
cqi:arabica_2018:562,"El Salvador el balsamo, quezaltepec el barbaro",,El Salvador,"el balsamo, quezaltepec",washed,,false,,5,2,,,cqi,https://github.com/jldbc/coffee-quality-database,2026-09-24
cqi:arabica_2018:563,Rwanda gicumbi gicumbi,,Rwanda,gicumbi,washed,,false,,5,4,,,cqi,https://github.com/jldbc/coffee-quality-database,2026-09-24
cqi:arabica_2018:564,Vietnam vietnam tutra apollo estate,,Vietnam,vietnam tutra,,,false,,2,4,,,cqi,https://github.com/jldbc/coffee-quality-database,2026-09-24
cqi:arabica_2018:565,Guatemala oriente el papaturro,,Guatemala,oriente,washed,,false,,4,4,,,cqi,https://github.com/jldbc/coffee-quality-database,2026-09-24
cqi:arabica_2018:566,Brazil cerrado santa fé 2,,Brazil,cerrado,natural,,false,,4,2,,,cqi,https://github.com/jldbc/coffee-quality-database,2026-09-24
cqi:arabica_2018:567,Colombia huila,,Colombia,huila,washed,,false,,3,3,,,cqi,https://github.com/jldbc/coffee-quality-database,2026-09-24
cqi:arabica_2018:568,"United States berastagi kampung keling, jumaraj, gurusinga, gongsol",,United States,berastagi,,,false,,3,4,,,cqi,https://github.com/jldbc/coffee-quality-database,2026-09-24
cqi:arabica_2018:569,Guatemala antigua finca medina,,Guatemala,antigua,washed,,false,,4,2,,,cqi,https://github.com/jldbc/coffee-quality-database,2026-09-24
cqi:arabica_2018:57,Guatemala acatenango valparaiso,,Guatemala,acatenango,washed,,false,,5,5,,,cqi,https://github.com/jldbc/coffee-quality-database,2026-09-24
cqi:arabica_2018:570,Colombia santander,,Colombia,santander,natural,,false,,3,3,,,cqi,https://github.com/jldbc/coffee-quality-database,2026-09-24
cqi:arabica_2018:571,Colombia huila,,Colombia,huila,washed,,false,,2,3,,,cqi,https://github.com/jldbc/coffee-quality-database,2026-09-24
cqi:arabica_2018:572,"Tanzania, United Republic Of arusha burka coffee estate",,Tanzania,arusha,washed,,false,,1,3,,,cqi,https://github.com/jldbc/coffee-quality-database,2026-09-24
cqi:arabica_2018:573,Mexico la concordia,,Mexico,la concordia,washed,,false,,3,3,,,cqi,https://github.com/jldbc/coffee-quality-database,2026-09-24
cqi:arabica_2018:574,Mexico veracruz santa rosa,,Mexico,veracruz,washed,,false,,4,2,,,cqi,https://github.com/jldbc/coffee-quality-database,2026-09-24
cqi:arabica_2018:575,Guatemala oriente agropecuaria quiagral,,Guatemala,oriente,washed,,false,,3,2,,,cqi,https://github.com/jldbc/coffee-quality-database,2026-09-24
cqi:arabica_2018:576,Mexico la concordia finca nueva linda,,Mexico,la concordia,washed,,false,,2,4,,,cqi,https://github.com/jldbc/coffee-quality-database,2026-09-24
cqi:arabica_2018:577,El Salvador santa ana several farms,,El Salvador,santa ana,,,false,,4,1,,,cqi,https://github.com/jldbc/coffee-quality-database,2026-09-24
cqi:arabica_2018:578,Guatemala santa rosa providencia,,Guatemala,santa rosa,washed,,false,,4,3,,,cqi,https://github.com/jldbc/coffee-quality-database,2026-09-24
cqi:arabica_2018:579,Guatemala santa rosa linda vista,,Guatemala,santa rosa,washed,,false,,3,3,,,cqi,https://github.com/jldbc/coffee-quality-database,2026-09-24
cqi:arabica_2018:58,Guatemala nuevo oriente finca el limon,,Guatemala,nuevo oriente,washed,,false,,5,5,,,cqi,https://github.com/jldbc/coffee-quality-database,2026-09-24
cqi:arabica_2018:580,Guatemala san marcos las merceditas,,Guatemala,san marcos,washed,,false,,4,4,,,cqi,https://github.com/jldbc/coffee-quality-database,2026-09-24
cqi:arabica_2018:581,Guatemala santa rosa las delicias,,Guatemala,santa rosa,washed,,false,,3,4,,,cqi,https://github.com/jldbc/coffee-quality-database,2026-09-24
cqi:arabica_2018:582,Guatemala oriente la esmeralda,,Guatemala,oriente,washed,,false,,4,3,,,cqi,https://github.com/jldbc/coffee-quality-database,2026-09-24
cqi:arabica_2018:583,Indonesia sapan toraja various,,Indonesia,sapan toraja,,,false,,3,3,,,cqi,https://github.com/jldbc/coffee-quality-database,2026-09-24
cqi:arabica_2018:584,Guatemala el progreso la esmeralda,,Guatemala,el progreso,washed,,false,,3,2,,,cqi,https://github.com/jldbc/coffee-quality-database,2026-09-24
cqi:arabica_2018:585,"Taiwan 台南市東山區( dongshan dist., tainan city) 大鋤花間 (hoe vs. flower coffee farm)",,Taiwan,"台南市東山區( dongshan dist., tainan city)",natural,,false,,4,3,,,cqi,https://github.com/jldbc/coffee-quality-database,2026-09-24
cqi:arabica_2018:586,El Salvador cacahuatique la montaña,,El Salvador,cacahuatique,washed,,false,,2,3,,,cqi,https://github.com/jldbc/coffee-quality-database,2026-09-24
cqi:arabica_2018:587,Costa Rica tarrazu gamboa,,Costa Rica,tarrazu,washed,,false,,4,2,,,cqi,https://github.com/jldbc/coffee-quality-database,2026-09-24
cqi:arabica_2018:588,Honduras comayagua los hicaques,,Honduras,comayagua,natural,,false,,3,3,,,cqi,https://github.com/jldbc/coffee-quality-database,2026-09-24
cqi:arabica_2018:589,Brazil south of minas capoeirinha,,Brazil,south of minas,honey,,false,,3,3,,,cqi,https://github.com/jldbc/coffee-quality-database,2026-09-24
cqi:arabica_2018:59,Ethiopia addis ababa seid damtew coffee planation,,Ethiopia,addis ababa,natural,,false,,5,5,,,cqi,https://github.com/jldbc/coffee-quality-database,2026-09-24
cqi:arabica_2018:590,China yunnan man ganna estate,,China,yunnan,natural,,false,,2,4,,,cqi,https://github.com/jldbc/coffee-quality-database,2026-09-24
cqi:arabica_2018:591,China menglian pu'er lingdu yunlin coffee co.ltd,,China,menglian,washed,,false,,4,3,,,cqi,https://github.com/jldbc/coffee-quality-database,2026-09-24
cqi:arabica_2018:592,Colombia huila,,Colombia,huila,washed,,false,,4,2,,,cqi,https://github.com/jldbc/coffee-quality-database,2026-09-24
cqi:arabica_2018:593,Malawi mzuzu msese,,Malawi,mzuzu,washed,,false,,3,2,,,cqi,https://github.com/jldbc/coffee-quality-database,2026-09-24
cqi:arabica_2018:594,Guatemala jalapa el morito,,Guatemala,jalapa,washed,,false,,4,3,,,cqi,https://github.com/jldbc/coffee-quality-database,2026-09-24
cqi:arabica_2018:595,Colombia huila,,Colombia,huila,washed,,false,,3,2,,,cqi,https://github.com/jldbc/coffee-quality-database,2026-09-24
cqi:arabica_2018:596,United States (Hawaii) kona,,United States,kona,natural,,false,,5,2,,,cqi,https://github.com/jldbc/coffee-quality-database,2026-09-24
cqi:arabica_2018:597,United States (Hawaii) kona,,United States,kona,natural,,false,,4,2,,,cqi,https://github.com/jldbc/coffee-quality-database,2026-09-24
cqi:arabica_2018:598,Colombia antioquia several,,Colombia,antioquia,washed,,false,,2,1,,,cqi,https://github.com/jldbc/coffee-quality-database,2026-09-24
cqi:arabica_2018:599,Mexico chiapas san lorenzo,,Mexico,chiapas,washed,,false,,3,3,,,cqi,https://github.com/jldbc/coffee-quality-database,2026-09-24
cqi:arabica_2018:6,Peru,,Peru,,washed,,false,,5,5,,,cqi,https://github.com/jldbc/coffee-quality-database,2026-09-24
cqi:arabica_2018:60,Peru cajamarca,,Peru,cajamarca,washed,,false,,5,5,,,cqi,https://github.com/jldbc/coffee-quality-database,2026-09-24
cqi:arabica_2018:600,Mexico veracruz tlamatoca,,Mexico,veracruz,washed,,false,,4,1,,,cqi,https://github.com/jldbc/coffee-quality-database,2026-09-24
cqi:arabica_2018:601,Mexico atoyac de alvarez,,Mexico,atoyac de alvarez,natural,,false,,5,5,,,cqi,https://github.com/jldbc/coffee-quality-database,2026-09-24
cqi:arabica_2018:602,Colombia south huila supply chain ecom cca s.a.,,Colombia,south huila,washed,,false,,4,3,,,cqi,https://github.com/jldbc/coffee-quality-database,2026-09-24
cqi:arabica_2018:603,Colombia huila,,Colombia,huila,washed,,false,,3,3,,,cqi,https://github.com/jldbc/coffee-quality-database,2026-09-24
cqi:arabica_2018:604,United States (Hawaii) kona,,United States,kona,washed,,false,,5,4,,,cqi,https://github.com/jldbc/coffee-quality-database,2026-09-24
cqi:arabica_2018:605,Panama boquete hacienda la esmeralda,,Panama,boquete,washed,,false,,3,3,,,cqi,https://github.com/jldbc/coffee-quality-database,2026-09-24
cqi:arabica_2018:606,United States (Hawaii) kona,,United States,kona,,,false,,5,1,,,cqi,https://github.com/jldbc/coffee-quality-database,2026-09-24
cqi:arabica_2018:607,Brazil south of minas capoeirinha,,Brazil,south of minas,natural,,false,,4,3,,,cqi,https://github.com/jldbc/coffee-quality-database,2026-09-24
cqi:arabica_2018:608,Brazil south of minas capoeirinha,,Brazil,south of minas,natural,,false,,4,3,,,cqi,https://github.com/jldbc/coffee-quality-database,2026-09-24
cqi:arabica_2018:609,"Laos paksong,laos savan coffee bean",,Laos,"paksong,laos",washed,,false,,2,2,,,cqi,https://github.com/jldbc/coffee-quality-database,2026-09-24
cqi:arabica_2018:61,Papua New Guinea eastern highlands province tairora cherry – bonta,,Papua New Guinea,eastern highlands province,washed,,false,,5,5,,,cqi,https://github.com/jldbc/coffee-quality-database,2026-09-24
cqi:arabica_2018:610,"El Salvador el balsamo, quezaltepec el barbaro",,El Salvador,"el balsamo, quezaltepec",washed,,false,,4,3,,,cqi,https://github.com/jldbc/coffee-quality-database,2026-09-24
cqi:arabica_2018:611,Mexico veracruz gabriel bernard rivas ross,,Mexico,veracruz,,,false,,4,2,,,cqi,https://github.com/jldbc/coffee-quality-database,2026-09-24
cqi:arabica_2018:612,Colombia huila,,Colombia,huila,washed,,false,,3,2,,,cqi,https://github.com/jldbc/coffee-quality-database,2026-09-24
cqi:arabica_2018:613,Brazil south of minas rio verde,,Brazil,south of minas,natural,,false,,4,3,,,cqi,https://github.com/jldbc/coffee-quality-database,2026-09-24
cqi:arabica_2018:614,Brazil monte carmelo santa maria,,Brazil,monte carmelo,natural,,false,,3,4,,,cqi,https://github.com/jldbc/coffee-quality-database,2026-09-24
cqi:arabica_2018:615,"Tanzania, United Republic Of karatu arusha nitin",,Tanzania,karatu arusha,washed,,false,,3,3,,,cqi,https://github.com/jldbc/coffee-quality-database,2026-09-24
cqi:arabica_2018:616,"Tanzania, United Republic Of mbinga ampcg",,Tanzania,mbinga,washed,,false,,3,2,,,cqi,https://github.com/jldbc/coffee-quality-database,2026-09-24
cqi:arabica_2018:617,Taiwan 嘉義阿里山 伊娜咖啡莊園,,Taiwan,嘉義阿里山,washed,,false,,2,1,,,cqi,https://github.com/jldbc/coffee-quality-database,2026-09-24
cqi:arabica_2018:618,Mexico la yerba los llanitos,,Mexico,la yerba,natural,,false,,3,2,,,cqi,https://github.com/jldbc/coffee-quality-database,2026-09-24
cqi:arabica_2018:619,Uganda mt elgon bugisu shamba,,Uganda,mt elgon,washed,,false,,4,3,,,cqi,https://github.com/jldbc/coffee-quality-database,2026-09-24
cqi:arabica_2018:62,El Salvador apaneca el majahual,,El Salvador,apaneca,washed,,false,,5,4,,,cqi,https://github.com/jldbc/coffee-quality-database,2026-09-24
cqi:arabica_2018:620,Taiwan chiayi alishan 嘉義縣阿里山鄉 zhuo wu shan coffee 卓武山咖啡農場,,Taiwan,chiayi alishan 嘉義縣阿里山鄉,washed,,false,,3,3,,,cqi,https://github.com/jldbc/coffee-quality-database,2026-09-24
cqi:arabica_2018:621,Thailand phahi m10,,Thailand,phahi,washed,,false,,4,3,,,cqi,https://github.com/jldbc/coffee-quality-database,2026-09-24
cqi:arabica_2018:622,Colombia huila,,Colombia,huila,washed,,false,,1,3,,,cqi,https://github.com/jldbc/coffee-quality-database,2026-09-24
cqi:arabica_2018:623,El Salvador,,El Salvador,,washed,,false,,1,5,,,cqi,https://github.com/jldbc/coffee-quality-database,2026-09-24
cqi:arabica_2018:624,Guatemala antigua finca medina,,Guatemala,antigua,washed,,false,,4,3,,,cqi,https://github.com/jldbc/coffee-quality-database,2026-09-24
cqi:arabica_2018:625,Thailand thailand doi tung development project,,Thailand,thailand,washed,,false,,2,3,,,cqi,https://github.com/jldbc/coffee-quality-database,2026-09-24
cqi:arabica_2018:626,Mexico finca monte grande,,Mexico,,washed,,false,,3,2,,,cqi,https://github.com/jldbc/coffee-quality-database,2026-09-24
cqi:arabica_2018:627,Mexico mahuixtlan finca castillos,,Mexico,mahuixtlan,washed,,false,,3,2,,,cqi,https://github.com/jldbc/coffee-quality-database,2026-09-24
cqi:arabica_2018:628,Colombia 52 narino (exact location: mattituy; municipal region: florida code 381 la canada,,Colombia,52 narino (exact location: mattituy; municipal region: florida code 381,,,false,,2,4,,,cqi,https://github.com/jldbc/coffee-quality-database,2026-09-24
cqi:arabica_2018:629,United States (Hawaii) kona,,United States,kona,,,false,,4,3,,,cqi,https://github.com/jldbc/coffee-quality-database,2026-09-24
cqi:arabica_2018:63,"El Salvador ataco, apaneca - ilamatepec mountain range finca la esmeralda",,El Salvador,"ataco, apaneca - ilamatepec mountain range",semi-washed,,false,,4,5,,,cqi,https://github.com/jldbc/coffee-quality-database,2026-09-24
cqi:arabica_2018:630,Mexico mexico kassandra,,Mexico,mexico,,,false,,4,4,,,cqi,https://github.com/jldbc/coffee-quality-database,2026-09-24
cqi:arabica_2018:631,Colombia huila,,Colombia,huila,,,false,,2,2,,,cqi,https://github.com/jldbc/coffee-quality-database,2026-09-24
cqi:arabica_2018:632,Colombia,,Colombia,,,,false,,2,4,,,cqi,https://github.com/jldbc/coffee-quality-database,2026-09-24
cqi:arabica_2018:633,Guatemala oriente la esmeralda,,Guatemala,oriente,washed,,false,,4,3,,,cqi,https://github.com/jldbc/coffee-quality-database,2026-09-24
cqi:arabica_2018:634,Taiwan 國姓鄉 guoshing township 林園咖啡 lin yuan coffee,,Taiwan,國姓鄉 guoshing township,honey,,false,,2,3,,,cqi,https://github.com/jldbc/coffee-quality-database,2026-09-24
cqi:arabica_2018:635,Brazil south of minas,,Brazil,south of minas,honey,,false,,3,4,,,cqi,https://github.com/jldbc/coffee-quality-database,2026-09-24
cqi:arabica_2018:636,Taiwan changhua baguashan 彰化市八卦山 台中市新社區崑山里,,Taiwan,changhua baguashan 彰化市八卦山,,,false,,1,1,,,cqi,https://github.com/jldbc/coffee-quality-database,2026-09-24
cqi:arabica_2018:637,Brazil campos altos - cerrado,,Brazil,campos altos - cerrado,,,false,,2,1,,,cqi,https://github.com/jldbc/coffee-quality-database,2026-09-24
cqi:arabica_2018:638,Indonesia aceh small holders farmer,,Indonesia,aceh,semi-washed,,false,,2,2,,,cqi,https://github.com/jldbc/coffee-quality-database,2026-09-24
cqi:arabica_2018:639,Thailand thailand,,Thailand,thailand,washed,,false,,4,2,,,cqi,https://github.com/jldbc/coffee-quality-database,2026-09-24
cqi:arabica_2018:64,United States (Hawaii) kona,,United States,kona,natural,,false,,4,5,,,cqi,https://github.com/jldbc/coffee-quality-database,2026-09-24
cqi:arabica_2018:640,Thailand chiangrai,,Thailand,chiangrai,washed,,false,,2,3,,,cqi,https://github.com/jldbc/coffee-quality-database,2026-09-24
cqi:arabica_2018:641,"Tanzania, United Republic Of ikand village lubanda amcos",,Tanzania,ikand village,washed,,false,,3,3,,,cqi,https://github.com/jldbc/coffee-quality-database,2026-09-24
cqi:arabica_2018:642,Uganda eastern mt.elgon sipi falls cheema,,Uganda,eastern,natural,,false,,3,2,,,cqi,https://github.com/jldbc/coffee-quality-database,2026-09-24
cqi:arabica_2018:643,Costa Rica central valley various,,Costa Rica,central valley,washed,,false,,4,1,,,cqi,https://github.com/jldbc/coffee-quality-database,2026-09-24
cqi:arabica_2018:644,Mexico veracruz,,Mexico,veracruz,washed,,false,,4,4,,,cqi,https://github.com/jldbc/coffee-quality-database,2026-09-24
cqi:arabica_2018:645,Guatemala,,Guatemala,,natural,,false,,3,2,,,cqi,https://github.com/jldbc/coffee-quality-database,2026-09-24
cqi:arabica_2018:646,Colombia huila various,,Colombia,huila,washed,,false,,2,3,,,cqi,https://github.com/jldbc/coffee-quality-database,2026-09-24
cqi:arabica_2018:647,Colombia huila various,,Colombia,huila,washed,,false,,1,2,,,cqi,https://github.com/jldbc/coffee-quality-database,2026-09-24
cqi:arabica_2018:648,Colombia huila,,Colombia,huila,washed,,false,,3,4,,,cqi,https://github.com/jldbc/coffee-quality-database,2026-09-24
cqi:arabica_2018:649,Mexico oaxaca jamaica,,Mexico,oaxaca,washed,,false,,3,2,,,cqi,https://github.com/jldbc/coffee-quality-database,2026-09-24
cqi:arabica_2018:65,Panama boquete elida estate,,Panama,boquete,natural,,false,,5,4,,,cqi,https://github.com/jldbc/coffee-quality-database,2026-09-24
cqi:arabica_2018:650,Mexico colima la timbuchera; el ocotito y la hortaliza,,Mexico,colima,washed,,false,,4,4,,,cqi,https://github.com/jldbc/coffee-quality-database,2026-09-24
cqi:arabica_2018:651,Colombia huila,,Colombia,huila,washed,,false,,2,4,,,cqi,https://github.com/jldbc/coffee-quality-database,2026-09-24
cqi:arabica_2018:652,Brazil south of minas fazenda chamusca,,Brazil,south of minas,,,false,,4,3,,,cqi,https://github.com/jldbc/coffee-quality-database,2026-09-24
cqi:arabica_2018:653,Brazil south of minas fazenda capoeirnha,,Brazil,south of minas,natural,,false,,3,3,,,cqi,https://github.com/jldbc/coffee-quality-database,2026-09-24
cqi:arabica_2018:654,Indonesia bali various,,Indonesia,bali,washed,,false,,3,2,,,cqi,https://github.com/jldbc/coffee-quality-database,2026-09-24
cqi:arabica_2018:655,Honduras comayagua las cuchillas,,Honduras,comayagua,washed,,false,,3,3,,,cqi,https://github.com/jldbc/coffee-quality-database,2026-09-24
cqi:arabica_2018:656,Guatemala oriente la esperanza,,Guatemala,oriente,washed,,false,,3,4,,,cqi,https://github.com/jldbc/coffee-quality-database,2026-09-24
cqi:arabica_2018:657,Thailand thailand,,Thailand,thailand,washed,,false,,4,2,,,cqi,https://github.com/jldbc/coffee-quality-database,2026-09-24
cqi:arabica_2018:658,Thailand chiangrai,,Thailand,chiangrai,washed,,false,,3,4,,,cqi,https://github.com/jldbc/coffee-quality-database,2026-09-24
cqi:arabica_2018:659,"Tanzania, United Republic Of karatu arusha shah plantation",,Tanzania,karatu arusha,washed,,false,,3,3,,,cqi,https://github.com/jldbc/coffee-quality-database,2026-09-24
cqi:arabica_2018:66,Kenya kirinyaga inoi,,Kenya,kirinyaga,natural,,false,,5,5,,,cqi,https://github.com/jldbc/coffee-quality-database,2026-09-24
cqi:arabica_2018:660,"Tanzania, United Republic Of moshi amkeni",,Tanzania,moshi,washed,,false,,3,3,,,cqi,https://github.com/jldbc/coffee-quality-database,2026-09-24
cqi:arabica_2018:661,Mexico chiapas finca san el retiro,,Mexico,chiapas,washed,,false,,4,1,,,cqi,https://github.com/jldbc/coffee-quality-database,2026-09-24
cqi:arabica_2018:662,Brazil south of minas fazenda rio verde,,Brazil,south of minas,semi-washed,,false,,2,2,,,cqi,https://github.com/jldbc/coffee-quality-database,2026-09-24
cqi:arabica_2018:663,Guatemala oriente la union monte verde,,Guatemala,oriente,washed,,false,,4,2,,,cqi,https://github.com/jldbc/coffee-quality-database,2026-09-24
cqi:arabica_2018:664,Colombia huila,,Colombia,huila,washed,,false,,2,3,,,cqi,https://github.com/jldbc/coffee-quality-database,2026-09-24
cqi:arabica_2018:665,Guatemala oriente la esperanza y anexos,,Guatemala,oriente,washed,,false,,2,3,,,cqi,https://github.com/jldbc/coffee-quality-database,2026-09-24
cqi:arabica_2018:666,Mexico san bartolo tutotepec la pagua,,Mexico,san bartolo tutotepec,washed,,false,,3,2,,,cqi,https://github.com/jldbc/coffee-quality-database,2026-09-24
cqi:arabica_2018:667,Mexico zapotitlan de mendez caltuchoco,,Mexico,zapotitlan de mendez,washed,,false,,4,3,,,cqi,https://github.com/jldbc/coffee-quality-database,2026-09-24
cqi:arabica_2018:668,Mexico la concordia santa cruz - pante don manuel,,Mexico,la concordia,semi-washed,,false,,3,1,,,cqi,https://github.com/jldbc/coffee-quality-database,2026-09-24
cqi:arabica_2018:669,Guatemala oriente various,,Guatemala,oriente,natural,,false,,2,3,,,cqi,https://github.com/jldbc/coffee-quality-database,2026-09-24
cqi:arabica_2018:67,Ethiopia oromia,,Ethiopia,oromia,natural,,false,,5,5,,,cqi,https://github.com/jldbc/coffee-quality-database,2026-09-24
cqi:arabica_2018:670,Brazil carmo de minas fazenda do sertao,,Brazil,carmo de minas,semi-washed,,false,,4,3,,,cqi,https://github.com/jldbc/coffee-quality-database,2026-09-24
cqi:arabica_2018:671,Colombia huila,,Colombia,huila,washed,,false,,3,1,,,cqi,https://github.com/jldbc/coffee-quality-database,2026-09-24
cqi:arabica_2018:672,United States (Hawaii) kona,,United States,kona,washed,,false,,4,2,,,cqi,https://github.com/jldbc/coffee-quality-database,2026-09-24
cqi:arabica_2018:673,Guatemala huehuetenango,,Guatemala,huehuetenango,,,false,,4,3,,,cqi,https://github.com/jldbc/coffee-quality-database,2026-09-24
cqi:arabica_2018:674,"Honduras comayagua, honduras carrillo cooperativa",,Honduras,"comayagua, honduras",washed,,false,,3,3,,,cqi,https://github.com/jldbc/coffee-quality-database,2026-09-24
cqi:arabica_2018:675,Guatemala san marcos piamonte,,Guatemala,san marcos,washed,,false,,4,2,,,cqi,https://github.com/jldbc/coffee-quality-database,2026-09-24
cqi:arabica_2018:676,Guatemala san marcos las merceditas,,Guatemala,san marcos,washed,,false,,4,2,,,cqi,https://github.com/jldbc/coffee-quality-database,2026-09-24
cqi:arabica_2018:677,Guatemala el progreso la esmeralda,,Guatemala,el progreso,washed,,false,,4,3,,,cqi,https://github.com/jldbc/coffee-quality-database,2026-09-24
cqi:arabica_2018:678,Guatemala santa rosa providencia,,Guatemala,santa rosa,washed,,false,,4,4,,,cqi,https://github.com/jldbc/coffee-quality-database,2026-09-24
cqi:arabica_2018:679,Colombia guayata,,Colombia,guayata,washed,,false,,4,5,,,cqi,https://github.com/jldbc/coffee-quality-database,2026-09-24
cqi:arabica_2018:68,Uganda bulambuli eastern region buginyanya,,Uganda,bulambuli eastern region,washed,,false,,5,4,,,cqi,https://github.com/jldbc/coffee-quality-database,2026-09-24
cqi:arabica_2018:680,China yunnan menglian gao sanlin coffee factory,,China,yunnan,washed,,false,,3,2,,,cqi,https://github.com/jldbc/coffee-quality-database,2026-09-24
cqi:arabica_2018:681,Brazil campos altos - cerrado,,Brazil,campos altos - cerrado,,,false,,3,1,,,cqi,https://github.com/jldbc/coffee-quality-database,2026-09-24
cqi:arabica_2018:682,"Tanzania, United Republic Of arusha meru nguruma",,Tanzania,arusha meru,washed,,false,,2,4,,,cqi,https://github.com/jldbc/coffee-quality-database,2026-09-24
cqi:arabica_2018:683,Brazil south of minas rio verde,,Brazil,south of minas,natural,,false,,3,4,,,cqi,https://github.com/jldbc/coffee-quality-database,2026-09-24
cqi:arabica_2018:684,Guatemala atitlan several,,Guatemala,atitlan,washed,,false,,4,2,,,cqi,https://github.com/jldbc/coffee-quality-database,2026-09-24
cqi:arabica_2018:685,Mexico la yerba los llanitos,,Mexico,la yerba,washed,,false,,3,2,,,cqi,https://github.com/jldbc/coffee-quality-database,2026-09-24
cqi:arabica_2018:686,Brazil south of minas fazenda serra negra,,Brazil,south of minas,semi-washed,,false,,3,3,,,cqi,https://github.com/jldbc/coffee-quality-database,2026-09-24
cqi:arabica_2018:687,Peru peru,,Peru,peru,washed,,false,,4,3,,,cqi,https://github.com/jldbc/coffee-quality-database,2026-09-24
cqi:arabica_2018:688,Brazil south of minas fazenda rio verde,,Brazil,south of minas,natural,,false,,3,2,,,cqi,https://github.com/jldbc/coffee-quality-database,2026-09-24
cqi:arabica_2018:689,Mexico veracruz finca los barreales,,Mexico,veracruz,washed,,false,,5,2,,,cqi,https://github.com/jldbc/coffee-quality-database,2026-09-24
cqi:arabica_2018:69,Guatemala huehuetenango asoperc,,Guatemala,huehuetenango,washed,,false,,5,5,,,cqi,https://github.com/jldbc/coffee-quality-database,2026-09-24
cqi:arabica_2018:690,Honduras,,Honduras,,washed,,false,,1,4,,,cqi,https://github.com/jldbc/coffee-quality-database,2026-09-24
cqi:arabica_2018:691,Colombia huila,,Colombia,huila,washed,,false,,3,3,,,cqi,https://github.com/jldbc/coffee-quality-database,2026-09-24
cqi:arabica_2018:692,Mexico chiapas cipresal,,Mexico,chiapas,washed,,false,,4,2,,,cqi,https://github.com/jldbc/coffee-quality-database,2026-09-24
cqi:arabica_2018:693,Mexico san pedro cotzilnam pante san pedro,,Mexico,san pedro cotzilnam,semi-washed,,false,,2,3,,,cqi,https://github.com/jldbc/coffee-quality-database,2026-09-24
cqi:arabica_2018:694,"Mexico coatepec cafetal el equimite, rancho agroecológico",,Mexico,coatepec,washed,,false,,3,3,,,cqi,https://github.com/jldbc/coffee-quality-database,2026-09-24
cqi:arabica_2018:695,Mexico xalapa los barreales 1112lbcat_s110312,,Mexico,xalapa,washed,,false,,3,3,,,cqi,https://github.com/jldbc/coffee-quality-database,2026-09-24
cqi:arabica_2018:696,Mexico zihuatanejo de azueta corral del diablo lote 1,,Mexico,zihuatanejo de azueta,washed,,false,,3,3,,,cqi,https://github.com/jldbc/coffee-quality-database,2026-09-24
cqi:arabica_2018:697,Mexico veracruz cañada fria,,Mexico,veracruz,washed,,false,,3,3,,,cqi,https://github.com/jldbc/coffee-quality-database,2026-09-24
cqi:arabica_2018:698,Mexico xicotepec de juarez finca nextlalpa,,Mexico,xicotepec de juarez,washed,,false,,3,3,,,cqi,https://github.com/jldbc/coffee-quality-database,2026-09-24
cqi:arabica_2018:699,Mexico progreso santa rosa teocelo santa rosa,,Mexico,progreso santa rosa teocelo,washed,,false,,2,3,,,cqi,https://github.com/jldbc/coffee-quality-database,2026-09-24
cqi:arabica_2018:7,Ethiopia oromia aolme,,Ethiopia,oromia,,,false,,5,5,,,cqi,https://github.com/jldbc/coffee-quality-database,2026-09-24
cqi:arabica_2018:70,Ethiopia oromia,,Ethiopia,oromia,washed,,false,,5,5,,,cqi,https://github.com/jldbc/coffee-quality-database,2026-09-24
cqi:arabica_2018:700,Mexico fln mirador fln mirador,,Mexico,fln mirador,washed,,false,,4,1,,,cqi,https://github.com/jldbc/coffee-quality-database,2026-09-24
cqi:arabica_2018:701,Colombia huila,,Colombia,huila,natural,,false,,2,3,,,cqi,https://github.com/jldbc/coffee-quality-database,2026-09-24
cqi:arabica_2018:702,Brazil south of minas santa mariana,,Brazil,south of minas,natural,,false,,2,3,,,cqi,https://github.com/jldbc/coffee-quality-database,2026-09-24
cqi:arabica_2018:703,Colombia huila,,Colombia,huila,washed,,false,,3,2,,,cqi,https://github.com/jldbc/coffee-quality-database,2026-09-24
cqi:arabica_2018:704,Colombia huila,,Colombia,huila,,,false,,1,3,,,cqi,https://github.com/jldbc/coffee-quality-database,2026-09-24
cqi:arabica_2018:705,Honduras comayagua los hicaques,,Honduras,comayagua,washed,,false,,3,2,,,cqi,https://github.com/jldbc/coffee-quality-database,2026-09-24
cqi:arabica_2018:706,Brazil cerrado fazenda são pedro,,Brazil,cerrado,natural,,false,,2,3,,,cqi,https://github.com/jldbc/coffee-quality-database,2026-09-24
cqi:arabica_2018:707,Brazil cerrado,,Brazil,cerrado,natural,,false,,3,3,,,cqi,https://github.com/jldbc/coffee-quality-database,2026-09-24
cqi:arabica_2018:708,Brazil south of minas capoeirinha,,Brazil,south of minas,natural,,false,,3,2,,,cqi,https://github.com/jldbc/coffee-quality-database,2026-09-24
cqi:arabica_2018:709,Costa Rica tarrazu gamboa,,Costa Rica,tarrazu,washed,,false,,1,2,,,cqi,https://github.com/jldbc/coffee-quality-database,2026-09-24
cqi:arabica_2018:71,Uganda kapchorwa chesiyo farmer group,,Uganda,kapchorwa,washed,,false,,4,5,,,cqi,https://github.com/jldbc/coffee-quality-database,2026-09-24
cqi:arabica_2018:710,Costa Rica tarrazu rio jorco,,Costa Rica,tarrazu,washed,,false,,3,2,,,cqi,https://github.com/jldbc/coffee-quality-database,2026-09-24
cqi:arabica_2018:711,China xishuangbanna prefecture yun lan coffee co. ltd,,China,xishuangbanna prefecture,honey,,false,,3,2,,,cqi,https://github.com/jldbc/coffee-quality-database,2026-09-24
cqi:arabica_2018:712,Brazil south of minas rio verde,,Brazil,south of minas,natural,,false,,5,5,,,cqi,https://github.com/jldbc/coffee-quality-database,2026-09-24
cqi:arabica_2018:713,Brazil chapadão de ferro (cerrado mineiro),,Brazil,chapadão de ferro (cerrado mineiro),natural,,false,,2,3,,,cqi,https://github.com/jldbc/coffee-quality-database,2026-09-24
cqi:arabica_2018:714,Guatemala huehuetenango finca loma linda y anexo,,Guatemala,huehuetenango,washed,,false,,5,3,,,cqi,https://github.com/jldbc/coffee-quality-database,2026-09-24
cqi:arabica_2018:715,Malawi mzuzu utchisi mountain,,Malawi,mzuzu,washed,,false,,3,2,,,cqi,https://github.com/jldbc/coffee-quality-database,2026-09-24
cqi:arabica_2018:716,Brazil south of minas rio verde,,Brazil,south of minas,natural,,false,,5,5,,,cqi,https://github.com/jldbc/coffee-quality-database,2026-09-24
cqi:arabica_2018:717,Guatemala jalapa el morito,,Guatemala,jalapa,washed,,false,,3,4,,,cqi,https://github.com/jldbc/coffee-quality-database,2026-09-24
cqi:arabica_2018:718,Mexico veracruz,,Mexico,veracruz,washed,,false,,3,3,,,cqi,https://github.com/jldbc/coffee-quality-database,2026-09-24
cqi:arabica_2018:719,Colombia antioquia several,,Colombia,antioquia,washed,,false,,1,1,,,cqi,https://github.com/jldbc/coffee-quality-database,2026-09-24
cqi:arabica_2018:72,United States (Hawaii) kona,,United States,kona,natural,,false,,5,4,,,cqi,https://github.com/jldbc/coffee-quality-database,2026-09-24
cqi:arabica_2018:720,Taiwan changhua baguashan 彰化市八卦山 guo cun nong yuan 國村農園,,Taiwan,changhua baguashan 彰化市八卦山,semi-washed,,false,,3,3,,,cqi,https://github.com/jldbc/coffee-quality-database,2026-09-24
cqi:arabica_2018:721,Taiwan taichung xinshe 台中市新社區 yu jin gui 玉金櫃咖啡,,Taiwan,taichung xinshe 台中市新社區,washed,,false,,3,3,,,cqi,https://github.com/jldbc/coffee-quality-database,2026-09-24
cqi:arabica_2018:722,Guatemala oriente el morito,,Guatemala,oriente,washed,,false,,3,3,,,cqi,https://github.com/jldbc/coffee-quality-database,2026-09-24
cqi:arabica_2018:723,Colombia huila,,Colombia,huila,washed,,false,,3,3,,,cqi,https://github.com/jldbc/coffee-quality-database,2026-09-24
cqi:arabica_2018:724,"Mexico la concordia, chiapas santa teresa",,Mexico,"la concordia, chiapas",washed,,false,,3,2,,,cqi,https://github.com/jldbc/coffee-quality-database,2026-09-24
cqi:arabica_2018:725,Costa Rica central valley,,Costa Rica,central valley,washed,,false,,4,5,,,cqi,https://github.com/jldbc/coffee-quality-database,2026-09-24
cqi:arabica_2018:726,Guatemala jalapa finca el morito,,Guatemala,jalapa,washed,,false,,4,3,,,cqi,https://github.com/jldbc/coffee-quality-database,2026-09-24
cqi:arabica_2018:727,"Mexico jaltocan, hidalgo tepemalacax",,Mexico,"jaltocan, hidalgo",natural,,false,,2,1,,,cqi,https://github.com/jldbc/coffee-quality-database,2026-09-24
cqi:arabica_2018:728,Mexico veracruz finca los barreales 1112lbga7250412,,Mexico,veracruz,washed,,false,,3,3,,,cqi,https://github.com/jldbc/coffee-quality-database,2026-09-24
cqi:arabica_2018:729,Guatemala oriente agropecuaria quiagral,,Guatemala,oriente,washed,,false,,3,2,,,cqi,https://github.com/jldbc/coffee-quality-database,2026-09-24
cqi:arabica_2018:73,Brazil south of minas fazenda serra de três barras,,Brazil,south of minas,semi-washed,,false,,4,4,,,cqi,https://github.com/jldbc/coffee-quality-database,2026-09-24
cqi:arabica_2018:730,Brazil grama valley sitío santa luzia,,Brazil,grama valley,natural,,false,,3,3,,,cqi,https://github.com/jldbc/coffee-quality-database,2026-09-24
cqi:arabica_2018:731,Mexico santa catarina juquila cafetal santa maria,,Mexico,santa catarina juquila,washed,,false,,2,1,,,cqi,https://github.com/jldbc/coffee-quality-database,2026-09-24
cqi:arabica_2018:732,Brazil south of minas café citrus,,Brazil,south of minas,washed,,false,,3,2,,,cqi,https://github.com/jldbc/coffee-quality-database,2026-09-24
cqi:arabica_2018:733,Colombia huila,,Colombia,huila,natural,,false,,1,3,,,cqi,https://github.com/jldbc/coffee-quality-database,2026-09-24
cqi:arabica_2018:734,Brazil brazil matas de minas fazendas klem ltda,,Brazil,brazil matas de minas,washed,,false,,2,4,,,cqi,https://github.com/jldbc/coffee-quality-database,2026-09-24
cqi:arabica_2018:735,Taiwan 眉泉莊園,,Taiwan,,,,false,,1,1,,,cqi,https://github.com/jldbc/coffee-quality-database,2026-09-24
cqi:arabica_2018:736,Guatemala nuevo oriente linda vista,,Guatemala,nuevo oriente,washed,,false,,4,2,,,cqi,https://github.com/jldbc/coffee-quality-database,2026-09-24
cqi:arabica_2018:737,Brazil south of minas rio verde,,Brazil,south of minas,natural,,false,,1,3,,,cqi,https://github.com/jldbc/coffee-quality-database,2026-09-24
cqi:arabica_2018:738,El Salvador apaneca zapato de mico,,El Salvador,apaneca,washed,,false,,4,5,,,cqi,https://github.com/jldbc/coffee-quality-database,2026-09-24
cqi:arabica_2018:739,Honduras marcala bethel,,Honduras,marcala,washed,,false,,3,2,,,cqi,https://github.com/jldbc/coffee-quality-database,2026-09-24
cqi:arabica_2018:74,El Salvador apaneca sierra nevada,,El Salvador,apaneca,,,false,,5,5,,,cqi,https://github.com/jldbc/coffee-quality-database,2026-09-24
cqi:arabica_2018:740,Malawi mzuzu kachere,,Malawi,mzuzu,washed,,false,,2,3,,,cqi,https://github.com/jldbc/coffee-quality-database,2026-09-24
cqi:arabica_2018:741,Brazil south of minas rio verde,,Brazil,south of minas,natural,,false,,2,2,,,cqi,https://github.com/jldbc/coffee-quality-database,2026-09-24
cqi:arabica_2018:742,Taiwan nantou guo xing ka fei wang 國姓咖啡王咖啡莊園,,Taiwan,nantou,washed,,false,,3,3,,,cqi,https://github.com/jldbc/coffee-quality-database,2026-09-24
cqi:arabica_2018:743,Mexico veracruz finca huehuetecpan,,Mexico,veracruz,washed,,false,,2,2,,,cqi,https://github.com/jldbc/coffee-quality-database,2026-09-24
cqi:arabica_2018:744,United States (Hawaii) kona,,United States,kona,natural,,false,,4,3,,,cqi,https://github.com/jldbc/coffee-quality-database,2026-09-24
cqi:arabica_2018:745,"Mexico calnali, hidalgo omicuatla",,Mexico,"calnali, hidalgo",washed,,false,,1,2,,,cqi,https://github.com/jldbc/coffee-quality-database,2026-09-24
cqi:arabica_2018:746,Guatemala antigua finca medina,,Guatemala,antigua,washed,,false,,3,4,,,cqi,https://github.com/jldbc/coffee-quality-database,2026-09-24
cqi:arabica_2018:747,Mexico veracruz los barreales 1112lbgr7230412,,Mexico,veracruz,washed,,false,,4,2,,,cqi,https://github.com/jldbc/coffee-quality-database,2026-09-24
cqi:arabica_2018:748,Mexico juquila jamaica,,Mexico,juquila,washed,,false,,3,2,,,cqi,https://github.com/jldbc/coffee-quality-database,2026-09-24
cqi:arabica_2018:749,El Salvador,,El Salvador,,washed,,false,,3,3,,,cqi,https://github.com/jldbc/coffee-quality-database,2026-09-24
cqi:arabica_2018:75,China yunnan pu'er city longke coffee co.ltd,,China,yunnan,natural,,false,,5,5,,,cqi,https://github.com/jldbc/coffee-quality-database,2026-09-24
cqi:arabica_2018:750,Mexico veracruz chilcuatla,,Mexico,veracruz,washed,,false,,4,2,,,cqi,https://github.com/jldbc/coffee-quality-database,2026-09-24
cqi:arabica_2018:751,Mexico canoas comunidad de canoas,,Mexico,canoas,washed,,false,,3,2,,,cqi,https://github.com/jldbc/coffee-quality-database,2026-09-24
cqi:arabica_2018:752,Colombia huila,,Colombia,huila,washed,,false,,2,3,,,cqi,https://github.com/jldbc/coffee-quality-database,2026-09-24
cqi:arabica_2018:753,Colombia huila,,Colombia,huila,washed,,false,,2,3,,,cqi,https://github.com/jldbc/coffee-quality-database,2026-09-24
cqi:arabica_2018:754,Brazil caxambu,,Brazil,,natural,,false,,1,3,,,cqi,https://github.com/jldbc/coffee-quality-database,2026-09-24
cqi:arabica_2018:755,Colombia cauca,,Colombia,cauca,,,false,,1,3,,,cqi,https://github.com/jldbc/coffee-quality-database,2026-09-24
cqi:arabica_2018:756,Brazil south of minas fazenda capoeirnha,,Brazil,south of minas,natural,,false,,2,2,,,cqi,https://github.com/jldbc/coffee-quality-database,2026-09-24
cqi:arabica_2018:757,Honduras comayagua las cuchillas,,Honduras,comayagua,washed,,false,,2,3,,,cqi,https://github.com/jldbc/coffee-quality-database,2026-09-24
cqi:arabica_2018:758,Nicaragua jinotega el brigadum - la coronela,,Nicaragua,jinotega,,,false,,2,3,,,cqi,https://github.com/jldbc/coffee-quality-database,2026-09-24
cqi:arabica_2018:759,"Tanzania, United Republic Of ruvuma langiro farm group",,Tanzania,ruvuma,washed,,false,,2,3,,,cqi,https://github.com/jldbc/coffee-quality-database,2026-09-24
cqi:arabica_2018:76,Guatemala huehuetenango el injerto s.a.,,Guatemala,huehuetenango,natural,,false,,4,5,,,cqi,https://github.com/jldbc/coffee-quality-database,2026-09-24
cqi:arabica_2018:760,"Tanzania, United Republic Of northern",,Tanzania,northern,washed,,false,,3,3,,,cqi,https://github.com/jldbc/coffee-quality-database,2026-09-24
cqi:arabica_2018:761,Brazil south of minas rio verde,,Brazil,south of minas,natural,,false,,2,5,,,cqi,https://github.com/jldbc/coffee-quality-database,2026-09-24
cqi:arabica_2018:762,Thailand thailand,,Thailand,thailand,washed,,false,,4,1,,,cqi,https://github.com/jldbc/coffee-quality-database,2026-09-24
cqi:arabica_2018:763,Honduras marcala bethel,,Honduras,marcala,washed,,false,,2,3,,,cqi,https://github.com/jldbc/coffee-quality-database,2026-09-24
cqi:arabica_2018:764,Guatemala atitlan blue lake,,Guatemala,atitlan,washed,,false,,3,2,,,cqi,https://github.com/jldbc/coffee-quality-database,2026-09-24
cqi:arabica_2018:765,Brazil cerrado,,Brazil,cerrado,natural,,false,,1,3,,,cqi,https://github.com/jldbc/coffee-quality-database,2026-09-24
cqi:arabica_2018:766,"Tanzania, United Republic Of ilomba vilage, mbozi ilomba 2",,Tanzania,"ilomba vilage, mbozi",washed,,false,,3,2,,,cqi,https://github.com/jldbc/coffee-quality-database,2026-09-24
cqi:arabica_2018:767,Mexico veracruz el pino,,Mexico,veracruz,washed,,false,,2,2,,,cqi,https://github.com/jldbc/coffee-quality-database,2026-09-24
cqi:arabica_2018:768,"Mexico la concordia, chiapas",,Mexico,"la concordia, chiapas",washed,,false,,2,3,,,cqi,https://github.com/jldbc/coffee-quality-database,2026-09-24
cqi:arabica_2018:769,Taiwan yunlin 雲林縣石壁 song yue coffee 嵩岳咖啡,,Taiwan,yunlin 雲林縣石壁,,,false,,3,3,,,cqi,https://github.com/jldbc/coffee-quality-database,2026-09-24
cqi:arabica_2018:77,Costa Rica west valley several,,Costa Rica,west valley,washed,,false,,5,5,,,cqi,https://github.com/jldbc/coffee-quality-database,2026-09-24
cqi:arabica_2018:770,"Taiwan dongshan dist., tainan city 臺南市東山區 kan tou mountain coffee 崁頭山咖啡館",,Taiwan,"dongshan dist., tainan city 臺南市東山區",washed,,false,,1,1,,,cqi,https://github.com/jldbc/coffee-quality-database,2026-09-24
cqi:arabica_2018:771,Colombia huila,,Colombia,huila,washed,,false,,3,4,,,cqi,https://github.com/jldbc/coffee-quality-database,2026-09-24
cqi:arabica_2018:772,Mexico san bartolo tutotepec el nanchi,,Mexico,san bartolo tutotepec,washed,,false,,3,2,,,cqi,https://github.com/jldbc/coffee-quality-database,2026-09-24
cqi:arabica_2018:773,Guatemala oriente,,Guatemala,oriente,washed,,false,,4,5,,,cqi,https://github.com/jldbc/coffee-quality-database,2026-09-24
cqi:arabica_2018:774,Mexico altotonga las truchas,,Mexico,altotonga,washed,,false,,3,3,,,cqi,https://github.com/jldbc/coffee-quality-database,2026-09-24
cqi:arabica_2018:775,"Mexico colima la calera, barranca de la leona, el nogal",,Mexico,colima,washed,,false,,3,2,,,cqi,https://github.com/jldbc/coffee-quality-database,2026-09-24
cqi:arabica_2018:776,Colombia huila,,Colombia,huila,,,false,,1,1,,,cqi,https://github.com/jldbc/coffee-quality-database,2026-09-24
cqi:arabica_2018:777,Indonesia aceh gayo various,,Indonesia,aceh gayo,washed,,false,,2,3,,,cqi,https://github.com/jldbc/coffee-quality-database,2026-09-24
cqi:arabica_2018:778,Colombia huila,,Colombia,huila,washed,,false,,4,5,,,cqi,https://github.com/jldbc/coffee-quality-database,2026-09-24
cqi:arabica_2018:779,Brazil south of minas fazenda capoeirnha,,Brazil,south of minas,natural,,false,,3,2,,,cqi,https://github.com/jldbc/coffee-quality-database,2026-09-24
cqi:arabica_2018:78,Costa Rica san ramon several,,Costa Rica,san ramon,washed,,false,,4,5,,,cqi,https://github.com/jldbc/coffee-quality-database,2026-09-24
cqi:arabica_2018:780,Brazil south of minas rio verde,,Brazil,south of minas,natural,,false,,3,1,,,cqi,https://github.com/jldbc/coffee-quality-database,2026-09-24
cqi:arabica_2018:781,Costa Rica tres rios el patalillo,,Costa Rica,tres rios,washed,,false,,1,1,,,cqi,https://github.com/jldbc/coffee-quality-database,2026-09-24
cqi:arabica_2018:782,"Tanzania, United Republic Of kilimanjaro ampcg",,Tanzania,kilimanjaro,washed,,false,,2,3,,,cqi,https://github.com/jldbc/coffee-quality-database,2026-09-24
cqi:arabica_2018:783,"Tanzania, United Republic Of ngorogoro ngorogoro convenant estate",,Tanzania,ngorogoro,washed,,false,,2,2,,,cqi,https://github.com/jldbc/coffee-quality-database,2026-09-24
cqi:arabica_2018:784,Colombia,,Colombia,,washed,,false,,2,4,,,cqi,https://github.com/jldbc/coffee-quality-database,2026-09-24
cqi:arabica_2018:785,Costa Rica turrialba cafetalera aquiares,,Costa Rica,turrialba,washed,,false,,2,3,,,cqi,https://github.com/jldbc/coffee-quality-database,2026-09-24
cqi:arabica_2018:786,United States (Hawaii) kona,,United States,kona,natural,,false,,1,3,,,cqi,https://github.com/jldbc/coffee-quality-database,2026-09-24
cqi:arabica_2018:787,"Mexico coatepec cafetal el equimite, rancho agroecológico",,Mexico,coatepec,washed,,false,,2,2,,,cqi,https://github.com/jldbc/coffee-quality-database,2026-09-24
cqi:arabica_2018:788,Mexico tapachula,,Mexico,tapachula,washed,,false,,3,1,,,cqi,https://github.com/jldbc/coffee-quality-database,2026-09-24
cqi:arabica_2018:789,Mexico coatepec bola de oro,,Mexico,coatepec,washed,,false,,3,2,,,cqi,https://github.com/jldbc/coffee-quality-database,2026-09-24
cqi:arabica_2018:79,Kenya central kenya,,Kenya,central kenya,washed,,false,,5,5,,,cqi,https://github.com/jldbc/coffee-quality-database,2026-09-24
cqi:arabica_2018:790,"Vietnam don duong apollo co., ltd.",,Vietnam,don duong,natural,,false,,1,4,,,cqi,https://github.com/jldbc/coffee-quality-database,2026-09-24
cqi:arabica_2018:791,Mexico veracruz tomatlancillo,,Mexico,veracruz,washed,,false,,4,2,,,cqi,https://github.com/jldbc/coffee-quality-database,2026-09-24
cqi:arabica_2018:792,United States (Hawaii) kona,,United States,kona,washed,,false,,3,1,,,cqi,https://github.com/jldbc/coffee-quality-database,2026-09-24
cqi:arabica_2018:793,Colombia cauca,,Colombia,cauca,,,false,,2,1,,,cqi,https://github.com/jldbc/coffee-quality-database,2026-09-24
cqi:arabica_2018:794,Honduras el paraíso las moras,,Honduras,el paraíso,washed,,false,,3,3,,,cqi,https://github.com/jldbc/coffee-quality-database,2026-09-24
cqi:arabica_2018:795,Honduras guinope el paraíso las moras,,Honduras,guinope el paraíso,natural,,false,,2,2,,,cqi,https://github.com/jldbc/coffee-quality-database,2026-09-24
cqi:arabica_2018:796,Brazil south of minas capoeirinha,,Brazil,south of minas,natural,,false,,3,2,,,cqi,https://github.com/jldbc/coffee-quality-database,2026-09-24
cqi:arabica_2018:797,"Tanzania, United Republic Of kilimanjaro family farm",,Tanzania,kilimanjaro,washed,,false,,2,2,,,cqi,https://github.com/jldbc/coffee-quality-database,2026-09-24
cqi:arabica_2018:798,Laos lao p.d.r. club green,,Laos,lao p.d.r.,washed,,false,,2,3,,,cqi,https://github.com/jldbc/coffee-quality-database,2026-09-24
cqi:arabica_2018:799,"Tanzania, United Republic Of meru finca estate",,Tanzania,meru,washed,,false,,3,2,,,cqi,https://github.com/jldbc/coffee-quality-database,2026-09-24
cqi:arabica_2018:8,Ethiopia oromiya aolme,,Ethiopia,oromiya,,,false,,5,5,,,cqi,https://github.com/jldbc/coffee-quality-database,2026-09-24
cqi:arabica_2018:80,Kenya central kenya,,Kenya,central kenya,washed,,false,,5,5,,,cqi,https://github.com/jldbc/coffee-quality-database,2026-09-24
cqi:arabica_2018:800,Malawi mzuzu chikali,,Malawi,mzuzu,washed,,false,,3,2,,,cqi,https://github.com/jldbc/coffee-quality-database,2026-09-24
cqi:arabica_2018:801,"Taiwan dongshan dist., tainan city 臺南市東山區 you siang coffee farmtainan, taiwan 台灣台南優香咖啡",,Taiwan,"dongshan dist., tainan city 臺南市東山區",washed,,false,,2,3,,,cqi,https://github.com/jldbc/coffee-quality-database,2026-09-24
cqi:arabica_2018:802,Thailand thailand,,Thailand,thailand,washed,,false,,2,2,,,cqi,https://github.com/jldbc/coffee-quality-database,2026-09-24
cqi:arabica_2018:803,Costa Rica central valley various,,Costa Rica,central valley,washed,,false,,2,4,,,cqi,https://github.com/jldbc/coffee-quality-database,2026-09-24
cqi:arabica_2018:804,Honduras occidental bsr,,Honduras,occidental,washed,,false,,3,3,,,cqi,https://github.com/jldbc/coffee-quality-database,2026-09-24
cqi:arabica_2018:805,Colombia huila,,Colombia,huila,washed,,false,,3,3,,,cqi,https://github.com/jldbc/coffee-quality-database,2026-09-24
cqi:arabica_2018:806,"Taiwan dongshan dist., tainan city 臺南市東山區 gao chun fang 高醇坊",,Taiwan,"dongshan dist., tainan city 臺南市東山區",washed,,false,,2,5,,,cqi,https://github.com/jldbc/coffee-quality-database,2026-09-24
cqi:arabica_2018:807,"Brazil minas gerais, br café do paraíso",,Brazil,"minas gerais, br",natural,,false,,1,2,,,cqi,https://github.com/jldbc/coffee-quality-database,2026-09-24
cqi:arabica_2018:808,Mexico coscomatepec la ceiba,,Mexico,coscomatepec,washed,,false,,3,2,,,cqi,https://github.com/jldbc/coffee-quality-database,2026-09-24
cqi:arabica_2018:809,Brazil south of minas campo das flores,,Brazil,south of minas,natural,,false,,3,2,,,cqi,https://github.com/jldbc/coffee-quality-database,2026-09-24
cqi:arabica_2018:81,Ethiopia yirgacheffe phone number | 0911-513824 email: gmt.ft,,Ethiopia,yirgacheffe,,,false,,5,4,,,cqi,https://github.com/jldbc/coffee-quality-database,2026-09-24
cqi:arabica_2018:810,Brazil cerrado são josé da lagoa,,Brazil,cerrado,semi-washed,,false,,3,3,,,cqi,https://github.com/jldbc/coffee-quality-database,2026-09-24
cqi:arabica_2018:811,Guatemala san marcos el faro,,Guatemala,san marcos,natural,,false,,3,4,,,cqi,https://github.com/jldbc/coffee-quality-database,2026-09-24
cqi:arabica_2018:812,Brazil south of minas santa mariana/são vicente,,Brazil,south of minas,semi-washed,,false,,3,3,,,cqi,https://github.com/jldbc/coffee-quality-database,2026-09-24
cqi:arabica_2018:813,Guatemala oriente conquista / morito,,Guatemala,oriente,washed,,false,,2,4,,,cqi,https://github.com/jldbc/coffee-quality-database,2026-09-24
cqi:arabica_2018:814,Colombia huila,,Colombia,huila,,,false,,2,3,,,cqi,https://github.com/jldbc/coffee-quality-database,2026-09-24
cqi:arabica_2018:815,Guatemala oriente la esperanza,,Guatemala,oriente,washed,,false,,3,3,,,cqi,https://github.com/jldbc/coffee-quality-database,2026-09-24
cqi:arabica_2018:816,Guatemala santa rosa las delicias,,Guatemala,santa rosa,washed,,false,,2,2,,,cqi,https://github.com/jldbc/coffee-quality-database,2026-09-24
cqi:arabica_2018:817,Honduras comayagua los hicaques,,Honduras,comayagua,washed,,false,,2,2,,,cqi,https://github.com/jldbc/coffee-quality-database,2026-09-24
cqi:arabica_2018:818,Brazil monte carmelo santa bárbara,,Brazil,monte carmelo,natural,,false,,3,3,,,cqi,https://github.com/jldbc/coffee-quality-database,2026-09-24
cqi:arabica_2018:819,"El Salvador el balsamo, quezaltepec la esperanza",,El Salvador,"el balsamo, quezaltepec",washed,,false,,3,3,,,cqi,https://github.com/jldbc/coffee-quality-database,2026-09-24
cqi:arabica_2018:82,Ethiopia yirgacheffe,,Ethiopia,yirgacheffe,,,false,,5,4,,,cqi,https://github.com/jldbc/coffee-quality-database,2026-09-24
cqi:arabica_2018:820,Guatemala nuevo oriente las cebollas y anexos,,Guatemala,nuevo oriente,washed,,false,,5,1,,,cqi,https://github.com/jldbc/coffee-quality-database,2026-09-24
cqi:arabica_2018:821,"Tanzania, United Republic Of mbeya mcomafa farm no1155gr",,Tanzania,mbeya,washed,,false,,2,3,,,cqi,https://github.com/jldbc/coffee-quality-database,2026-09-24
cqi:arabica_2018:822,Nicaragua,,Nicaragua,,washed,,false,,1,3,,,cqi,https://github.com/jldbc/coffee-quality-database,2026-09-24
cqi:arabica_2018:823,Zambia mubuyu estate mubuyu munali,,Zambia,mubuyu estate,washed,,false,,2,4,,,cqi,https://github.com/jldbc/coffee-quality-database,2026-09-24
cqi:arabica_2018:824,Honduras,,Honduras,,washed,,false,,3,2,,,cqi,https://github.com/jldbc/coffee-quality-database,2026-09-24
cqi:arabica_2018:825,Taiwan taichung xinshe 台中市新社區 dragon coffee 龍咖啡,,Taiwan,taichung xinshe 台中市新社區,,,false,,1,3,,,cqi,https://github.com/jldbc/coffee-quality-database,2026-09-24
cqi:arabica_2018:826,Mexico chiapas various,,Mexico,chiapas,washed,,false,,3,3,,,cqi,https://github.com/jldbc/coffee-quality-database,2026-09-24
cqi:arabica_2018:827,"Mexico chapulhuacan, hidalgo platanal",,Mexico,"chapulhuacan, hidalgo",semi-washed,,false,,1,3,,,cqi,https://github.com/jldbc/coffee-quality-database,2026-09-24
cqi:arabica_2018:828,"Mexico huazalingo, hidalgo texpanco",,Mexico,"huazalingo, hidalgo",washed,,false,,3,2,,,cqi,https://github.com/jldbc/coffee-quality-database,2026-09-24
cqi:arabica_2018:829,Mexico veracruz la laja,,Mexico,veracruz,washed,,false,,3,2,,,cqi,https://github.com/jldbc/coffee-quality-database,2026-09-24
cqi:arabica_2018:83,Guatemala oriente la esperanza y anexos,,Guatemala,oriente,,,false,,5,5,,,cqi,https://github.com/jldbc/coffee-quality-database,2026-09-24
cqi:arabica_2018:830,Mexico fortín de las flores mata larga,,Mexico,fortín de las flores,washed,,false,,5,3,,,cqi,https://github.com/jldbc/coffee-quality-database,2026-09-24
cqi:arabica_2018:831,Brazil grama valley sitío corrego da olaria/são caetano,,Brazil,grama valley,natural,,false,,3,2,,,cqi,https://github.com/jldbc/coffee-quality-database,2026-09-24
cqi:arabica_2018:832,Colombia cundinamarca,,Colombia,cundinamarca,,,false,,3,2,,,cqi,https://github.com/jldbc/coffee-quality-database,2026-09-24
cqi:arabica_2018:833,Guatemala oriente la esmeralda,,Guatemala,oriente,washed,,false,,3,2,,,cqi,https://github.com/jldbc/coffee-quality-database,2026-09-24
cqi:arabica_2018:834,Costa Rica tarrazu estate la patricia,,Costa Rica,tarrazu,honey,,false,,2,4,,,cqi,https://github.com/jldbc/coffee-quality-database,2026-09-24
cqi:arabica_2018:835,Brazil monte carmelo helena,,Brazil,monte carmelo,natural,,false,,3,2,,,cqi,https://github.com/jldbc/coffee-quality-database,2026-09-24
cqi:arabica_2018:836,Indonesia bali mudar,,Indonesia,bali,,,false,,4,5,,,cqi,https://github.com/jldbc/coffee-quality-database,2026-09-24
cqi:arabica_2018:837,Guatemala norte chapultepec,,Guatemala,norte,washed,,false,,2,3,,,cqi,https://github.com/jldbc/coffee-quality-database,2026-09-24
cqi:arabica_2018:838,Brazil south of minas rio verde,,Brazil,south of minas,natural,,false,,3,4,,,cqi,https://github.com/jldbc/coffee-quality-database,2026-09-24
cqi:arabica_2018:839,Brazil south of minas rio verde,,Brazil,south of minas,natural,,false,,1,4,,,cqi,https://github.com/jldbc/coffee-quality-database,2026-09-24
cqi:arabica_2018:84,Colombia santander various,,Colombia,santander,washed,,false,,5,3,,,cqi,https://github.com/jldbc/coffee-quality-database,2026-09-24
cqi:arabica_2018:840,Myanmar ywar ngan wat-ka-bu,,Myanmar,ywar ngan,washed,,false,,2,2,,,cqi,https://github.com/jldbc/coffee-quality-database,2026-09-24
cqi:arabica_2018:841,Mexico chiapas rancho bonito,,Mexico,chiapas,washed,,false,,3,1,,,cqi,https://github.com/jldbc/coffee-quality-database,2026-09-24
cqi:arabica_2018:842,Honduras marcala cerro bueno,,Honduras,marcala,washed,,false,,3,2,,,cqi,https://github.com/jldbc/coffee-quality-database,2026-09-24
cqi:arabica_2018:843,Costa Rica tres rios el patalillo,,Costa Rica,tres rios,washed,,false,,1,1,,,cqi,https://github.com/jldbc/coffee-quality-database,2026-09-24
cqi:arabica_2018:844,"Taiwan dongshan dist., tainan city 臺南市東山區 gao chun fang 高醇坊",,Taiwan,"dongshan dist., tainan city 臺南市東山區",washed,,false,,1,4,,,cqi,https://github.com/jldbc/coffee-quality-database,2026-09-24
cqi:arabica_2018:845,Indonesia lington nihuta dozen small farmer,,Indonesia,lington nihuta,,,false,,2,2,,,cqi,https://github.com/jldbc/coffee-quality-database,2026-09-24
cqi:arabica_2018:846,Malawi kakoma kakoma,,Malawi,kakoma,washed,,false,,2,2,,,cqi,https://github.com/jldbc/coffee-quality-database,2026-09-24
cqi:arabica_2018:847,Brazil south of minas rio verde,,Brazil,south of minas,natural,,false,,1,5,,,cqi,https://github.com/jldbc/coffee-quality-database,2026-09-24
cqi:arabica_2018:848,Honduras comayagua gran manzana y el aguacate,,Honduras,comayagua,natural,,false,,2,2,,,cqi,https://github.com/jldbc/coffee-quality-database,2026-09-24
cqi:arabica_2018:849,"Mexico siltepec el triunfo, chiapas, mexico various",,Mexico,"siltepec el triunfo, chiapas, mexico",washed,,false,,3,2,,,cqi,https://github.com/jldbc/coffee-quality-database,2026-09-24
cqi:arabica_2018:85,Colombia santander,,Colombia,santander,natural,,false,,5,5,,,cqi,https://github.com/jldbc/coffee-quality-database,2026-09-24
cqi:arabica_2018:850,Colombia huila,,Colombia,huila,washed,,false,,2,3,,,cqi,https://github.com/jldbc/coffee-quality-database,2026-09-24
cqi:arabica_2018:851,United States (Hawaii) kona,,United States,kona,natural,,false,,5,5,,,cqi,https://github.com/jldbc/coffee-quality-database,2026-09-24
cqi:arabica_2018:852,Brazil sul de minas sertao farm,,Brazil,sul de minas,semi-washed,,false,,2,5,,,cqi,https://github.com/jldbc/coffee-quality-database,2026-09-24
cqi:arabica_2018:853,Guatemala oriente el sacramento,,Guatemala,oriente,washed,,false,,2,4,,,cqi,https://github.com/jldbc/coffee-quality-database,2026-09-24
cqi:arabica_2018:854,Mexico veracruz finca muxbal,,Mexico,veracruz,washed,,false,,3,1,,,cqi,https://github.com/jldbc/coffee-quality-database,2026-09-24
cqi:arabica_2018:855,Mexico coatepec el deseo,,Mexico,coatepec,semi-washed,,false,,3,3,,,cqi,https://github.com/jldbc/coffee-quality-database,2026-09-24
cqi:arabica_2018:856,Brazil cerrado cianorte,,Brazil,cerrado,,,false,,3,3,,,cqi,https://github.com/jldbc/coffee-quality-database,2026-09-24
cqi:arabica_2018:857,Colombia huila,,Colombia,huila,,,false,,3,2,,,cqi,https://github.com/jldbc/coffee-quality-database,2026-09-24
cqi:arabica_2018:858,United States (Hawaii) kona kona pacific farmers cooperative,,United States,kona,,,false,,4,4,,,cqi,https://github.com/jldbc/coffee-quality-database,2026-09-24
cqi:arabica_2018:859,Guatemala san marcos las merceditas,,Guatemala,san marcos,washed,,false,,2,2,,,cqi,https://github.com/jldbc/coffee-quality-database,2026-09-24
cqi:arabica_2018:86,Indonesia lintong,,Indonesia,lintong,semi-washed,,false,,5,5,,,cqi,https://github.com/jldbc/coffee-quality-database,2026-09-24
cqi:arabica_2018:860,Vietnam vietnam apollo estate,,Vietnam,vietnam,washed,,false,,3,3,,,cqi,https://github.com/jldbc/coffee-quality-database,2026-09-24
cqi:arabica_2018:861,"Tanzania, United Republic Of ngorogoro ngorogoro convenant estate",,Tanzania,ngorogoro,washed,,false,,2,2,,,cqi,https://github.com/jldbc/coffee-quality-database,2026-09-24
cqi:arabica_2018:862,Brazil,,Brazil,,natural,,false,,1,2,,,cqi,https://github.com/jldbc/coffee-quality-database,2026-09-24
cqi:arabica_2018:863,"Mexico tenango de doria, hidalgo los magueyes",,Mexico,"tenango de doria, hidalgo",washed,,false,,2,1,,,cqi,https://github.com/jldbc/coffee-quality-database,2026-09-24
cqi:arabica_2018:864,Mexico tepictla finca tepictla,,Mexico,tepictla,washed,,false,,4,2,,,cqi,https://github.com/jldbc/coffee-quality-database,2026-09-24
cqi:arabica_2018:865,"Mexico oaxaca arroyo triste, arroyo triste, san jose vista hermosa",,Mexico,oaxaca,washed,,false,,3,2,,,cqi,https://github.com/jldbc/coffee-quality-database,2026-09-24
cqi:arabica_2018:866,Mexico la concordia,,Mexico,la concordia,washed,,false,,4,2,,,cqi,https://github.com/jldbc/coffee-quality-database,2026-09-24
cqi:arabica_2018:867,Mexico la concordia santa cruz - pante doña graciela,,Mexico,la concordia,washed,,false,,2,4,,,cqi,https://github.com/jldbc/coffee-quality-database,2026-09-24
cqi:arabica_2018:868,Colombia huila,,Colombia,huila,washed,,false,,2,3,,,cqi,https://github.com/jldbc/coffee-quality-database,2026-09-24
cqi:arabica_2018:869,Colombia huila,,Colombia,huila,,,false,,1,1,,,cqi,https://github.com/jldbc/coffee-quality-database,2026-09-24
cqi:arabica_2018:87,Guatemala huehuetenango coop. hoja blanca - fedecocagua,,Guatemala,huehuetenango,washed,,false,,5,4,,,cqi,https://github.com/jldbc/coffee-quality-database,2026-09-24
cqi:arabica_2018:870,Brazil south of minas fazenda capoeirnha,,Brazil,south of minas,natural,,false,,3,3,,,cqi,https://github.com/jldbc/coffee-quality-database,2026-09-24
cqi:arabica_2018:871,Guatemala san marcos las merceditas,,Guatemala,san marcos,washed,,false,,2,2,,,cqi,https://github.com/jldbc/coffee-quality-database,2026-09-24
cqi:arabica_2018:872,Guatemala santa rosa la esmeralda,,Guatemala,santa rosa,washed,,false,,4,2,,,cqi,https://github.com/jldbc/coffee-quality-database,2026-09-24
cqi:arabica_2018:873,Honduras marcala bethel,,Honduras,marcala,washed,,false,,2,2,,,cqi,https://github.com/jldbc/coffee-quality-database,2026-09-24
cqi:arabica_2018:874,"Tanzania, United Republic Of mbinga ngima",,Tanzania,mbinga,,,false,,2,3,,,cqi,https://github.com/jldbc/coffee-quality-database,2026-09-24
cqi:arabica_2018:875,Nicaragua jinotega santa matilde,,Nicaragua,jinotega,,,false,,1,3,,,cqi,https://github.com/jldbc/coffee-quality-database,2026-09-24
cqi:arabica_2018:876,Colombia la plata,,Colombia,la plata,,,false,,4,1,,,cqi,https://github.com/jldbc/coffee-quality-database,2026-09-24
cqi:arabica_2018:877,Brazil south of minas rio verde,,Brazil,south of minas,natural,,false,,2,3,,,cqi,https://github.com/jldbc/coffee-quality-database,2026-09-24
cqi:arabica_2018:878,"Tanzania, United Republic Of mbinga multiple",,Tanzania,mbinga,washed,,false,,2,3,,,cqi,https://github.com/jldbc/coffee-quality-database,2026-09-24
cqi:arabica_2018:879,"Tanzania, United Republic Of ilomba vilage, mbozi ilomba 1",,Tanzania,"ilomba vilage, mbozi",washed,,false,,1,2,,,cqi,https://github.com/jldbc/coffee-quality-database,2026-09-24
cqi:arabica_2018:88,"Ethiopia kefa zone, gimbo distict, at a place called woka araba, south west ethiopia. seid damtew coffee planation",,Ethiopia,"kefa zone, gimbo distict, at a place called woka araba, south west ethiopia.",natural,,false,,5,5,,,cqi,https://github.com/jldbc/coffee-quality-database,2026-09-24
cqi:arabica_2018:880,Brazil south of minas rio verde,,Brazil,south of minas,washed,,false,,3,3,,,cqi,https://github.com/jldbc/coffee-quality-database,2026-09-24
cqi:arabica_2018:881,Indonesia bener meriah,,Indonesia,bener meriah,semi-washed,,false,,2,2,,,cqi,https://github.com/jldbc/coffee-quality-database,2026-09-24
cqi:arabica_2018:882,Honduras comayagua gran manzana y el aguacate,,Honduras,comayagua,natural,,false,,3,1,,,cqi,https://github.com/jldbc/coffee-quality-database,2026-09-24
cqi:arabica_2018:883,Costa Rica tarrazu gamboa,,Costa Rica,tarrazu,washed,,false,,1,3,,,cqi,https://github.com/jldbc/coffee-quality-database,2026-09-24
cqi:arabica_2018:884,Mexico veracruz,,Mexico,veracruz,washed,,false,,5,3,,,cqi,https://github.com/jldbc/coffee-quality-database,2026-09-24
cqi:arabica_2018:885,Taiwan changhua baguashan 彰化市八卦山 mu he zi coffee 木盒子咖啡園,,Taiwan,changhua baguashan 彰化市八卦山,semi-washed,,false,,1,2,,,cqi,https://github.com/jldbc/coffee-quality-database,2026-09-24
cqi:arabica_2018:886,Taiwan nantou guo xin ka fei 國昕咖啡,,Taiwan,nantou,washed,,false,,2,2,,,cqi,https://github.com/jldbc/coffee-quality-database,2026-09-24
cqi:arabica_2018:887,"Mexico la concordia, chiapas union ramal santa cruz",,Mexico,"la concordia, chiapas",washed,,false,,3,2,,,cqi,https://github.com/jldbc/coffee-quality-database,2026-09-24
cqi:arabica_2018:888,Guatemala jalapa finca el morito,,Guatemala,jalapa,washed,,false,,2,2,,,cqi,https://github.com/jldbc/coffee-quality-database,2026-09-24
cqi:arabica_2018:889,Mexico tuxtla gutierrez finca cafetalera la suiza,,Mexico,tuxtla gutierrez,washed,,false,,4,4,,,cqi,https://github.com/jldbc/coffee-quality-database,2026-09-24
cqi:arabica_2018:89,Colombia pasto,,Colombia,pasto,natural,,false,,5,5,,,cqi,https://github.com/jldbc/coffee-quality-database,2026-09-24
cqi:arabica_2018:890,Mexico yajalon,,Mexico,yajalon,washed,,false,,4,3,,,cqi,https://github.com/jldbc/coffee-quality-database,2026-09-24
cqi:arabica_2018:891,Mexico veracruz ucipa santa catarina,,Mexico,veracruz,washed,,false,,2,2,,,cqi,https://github.com/jldbc/coffee-quality-database,2026-09-24
cqi:arabica_2018:892,"Mexico la concordia, chiapas finca nueva linda",,Mexico,"la concordia, chiapas",washed,,false,,3,1,,,cqi,https://github.com/jldbc/coffee-quality-database,2026-09-24
cqi:arabica_2018:893,"Mexico sacún palma, municipio de chilón, chiapas sacún palma",,Mexico,"sacún palma, municipio de chilón, chiapas",semi-washed,,false,,1,3,,,cqi,https://github.com/jldbc/coffee-quality-database,2026-09-24
cqi:arabica_2018:894,United States (Hawaii) kona,,United States,kona,washed,,false,,2,1,,,cqi,https://github.com/jldbc/coffee-quality-database,2026-09-24
cqi:arabica_2018:895,Honduras western region various,,Honduras,western region,washed,,false,,2,3,,,cqi,https://github.com/jldbc/coffee-quality-database,2026-09-24
cqi:arabica_2018:896,Guatemala huehuetenango la esperanza,,Guatemala,huehuetenango,washed,,false,,3,2,,,cqi,https://github.com/jldbc/coffee-quality-database,2026-09-24
cqi:arabica_2018:897,Taiwan natou county baishengcun coffee 百勝村咖啡莊園,,Taiwan,natou county,washed,,false,,4,2,,,cqi,https://github.com/jldbc/coffee-quality-database,2026-09-24
cqi:arabica_2018:898,Costa Rica turrialba cafetalera aquiares,,Costa Rica,turrialba,washed,,false,,1,1,,,cqi,https://github.com/jldbc/coffee-quality-database,2026-09-24
cqi:arabica_2018:899,"Tanzania, United Republic Of oldeani , mongola acacia hills",,Tanzania,"oldeani , mongola",washed,,false,,2,2,,,cqi,https://github.com/jldbc/coffee-quality-database,2026-09-24
cqi:arabica_2018:9,"Ethiopia snnp/kaffa zone,gimbowereda tulla coffee farm",,Ethiopia,"snnp/kaffa zone,gimbowereda",natural,,false,,5,4,,,cqi,https://github.com/jldbc/coffee-quality-database,2026-09-24
cqi:arabica_2018:90,Ethiopia aricha aricha coop,,Ethiopia,aricha,natural,,false,,5,5,,,cqi,https://github.com/jldbc/coffee-quality-database,2026-09-24
cqi:arabica_2018:900,Malawi mzuzu kavuzi,,Malawi,mzuzu,washed,,false,,3,2,,,cqi,https://github.com/jldbc/coffee-quality-database,2026-09-24
cqi:arabica_2018:901,Taiwan natou county jacob's estate 雅谷咖啡,,Taiwan,natou county,semi-washed,,false,,1,5,,,cqi,https://github.com/jldbc/coffee-quality-database,2026-09-24
cqi:arabica_2018:902,Brazil south of minas rio verde,,Brazil,south of minas,washed,,false,,2,3,,,cqi,https://github.com/jldbc/coffee-quality-database,2026-09-24
cqi:arabica_2018:903,Guatemala oriente el morito,,Guatemala,oriente,washed,,false,,3,2,,,cqi,https://github.com/jldbc/coffee-quality-database,2026-09-24
cqi:arabica_2018:904,"Mexico la concordia, chiapas union ramal santa cruz",,Mexico,"la concordia, chiapas",washed,,false,,3,1,,,cqi,https://github.com/jldbc/coffee-quality-database,2026-09-24
cqi:arabica_2018:905,Mexico la concordia las nubes - pante don jaime,,Mexico,la concordia,natural,,false,,3,3,,,cqi,https://github.com/jldbc/coffee-quality-database,2026-09-24
cqi:arabica_2018:906,Mexico la concordia santa cruz - pante don jaime,,Mexico,la concordia,natural,,false,,3,3,,,cqi,https://github.com/jldbc/coffee-quality-database,2026-09-24
cqi:arabica_2018:907,"Thailand doi chaang village, chiang rai, thialand doi chaang coffee original co.,ltd",,Thailand,"doi chaang village, chiang rai, thialand",,,false,,3,1,,,cqi,https://github.com/jldbc/coffee-quality-database,2026-09-24
cqi:arabica_2018:908,Thailand doi tung development project,,Thailand,,,,false,,3,3,,,cqi,https://github.com/jldbc/coffee-quality-database,2026-09-24
cqi:arabica_2018:909,Costa Rica tarrazu,,Costa Rica,tarrazu,,,false,,2,3,,,cqi,https://github.com/jldbc/coffee-quality-database,2026-09-24
cqi:arabica_2018:91,United States (Hawaii) kona,,United States,kona,natural,,false,,5,5,,,cqi,https://github.com/jldbc/coffee-quality-database,2026-09-24
cqi:arabica_2018:910,Guatemala santa rosa las delicias,,Guatemala,santa rosa,washed,,false,,2,2,,,cqi,https://github.com/jldbc/coffee-quality-database,2026-09-24
cqi:arabica_2018:911,Nicaragua jalapa finca las marías,,Nicaragua,jalapa,,,false,,2,1,,,cqi,https://github.com/jldbc/coffee-quality-database,2026-09-24
cqi:arabica_2018:912,Honduras comayagua las cuchillas,,Honduras,comayagua,washed,,false,,2,1,,,cqi,https://github.com/jldbc/coffee-quality-database,2026-09-24
cqi:arabica_2018:913,Guatemala santa rosa las delicias,,Guatemala,santa rosa,,,false,,1,3,,,cqi,https://github.com/jldbc/coffee-quality-database,2026-09-24
cqi:arabica_2018:914,Taiwan 古坑鄉荷包村尖山坑60號 谷泉咖啡莊園,,Taiwan,古坑鄉荷包村尖山坑60號,natural,,false,,1,3,,,cqi,https://github.com/jldbc/coffee-quality-database,2026-09-24
cqi:arabica_2018:915,Myanmar ywar ngan township mixed,,Myanmar,ywar ngan township,washed,,false,,3,2,,,cqi,https://github.com/jldbc/coffee-quality-database,2026-09-24
cqi:arabica_2018:916,Costa Rica occidental several,,Costa Rica,occidental,washed,,false,,1,2,,,cqi,https://github.com/jldbc/coffee-quality-database,2026-09-24
cqi:arabica_2018:917,Malawi mzuzu chinongo,,Malawi,mzuzu,washed,,false,,3,3,,,cqi,https://github.com/jldbc/coffee-quality-database,2026-09-24
cqi:arabica_2018:918,Guatemala oriente various,,Guatemala,oriente,washed,,false,,3,1,,,cqi,https://github.com/jldbc/coffee-quality-database,2026-09-24
cqi:arabica_2018:919,Taiwan natou county good mood coffee 馨晴咖啡,,Taiwan,natou county,washed,,false,,2,2,,,cqi,https://github.com/jldbc/coffee-quality-database,2026-09-24
cqi:arabica_2018:92,Colombia cundinamarca,,Colombia,cundinamarca,natural,,false,,4,5,,,cqi,https://github.com/jldbc/coffee-quality-database,2026-09-24
cqi:arabica_2018:920,Brazil sul de minas pereira estate coffee,,Brazil,sul de minas,semi-washed,,false,,4,4,,,cqi,https://github.com/jldbc/coffee-quality-database,2026-09-24
cqi:arabica_2018:921,"Haiti dondon, haiti mixed",,Haiti,"dondon, haiti",washed,,false,,2,2,,,cqi,https://github.com/jldbc/coffee-quality-database,2026-09-24
cqi:arabica_2018:922,Taiwan taichung xinshe 台中市新社區 xu yuan zhang 徐源漳,,Taiwan,taichung xinshe 台中市新社區,,,false,,1,2,,,cqi,https://github.com/jldbc/coffee-quality-database,2026-09-24
cqi:arabica_2018:923,"Mexico la concordia, chiapas nueva linda",,Mexico,"la concordia, chiapas",washed,,false,,2,3,,,cqi,https://github.com/jldbc/coffee-quality-database,2026-09-24
cqi:arabica_2018:924,Mexico amatenango de la frontera productor independiente guadalupe victoria,,Mexico,amatenango de la frontera,washed,,false,,2,2,,,cqi,https://github.com/jldbc/coffee-quality-database,2026-09-24
cqi:arabica_2018:925,Mexico temaxcalapa santa maria temaxcalapa,,Mexico,temaxcalapa,washed,,false,,2,1,,,cqi,https://github.com/jldbc/coffee-quality-database,2026-09-24
cqi:arabica_2018:926,Mexico manzanillo canoa manzanillo,,Mexico,manzanillo,semi-washed,,false,,2,2,,,cqi,https://github.com/jldbc/coffee-quality-database,2026-09-24
cqi:arabica_2018:927,Mexico tapachula hamburgo 7 arroyos,,Mexico,tapachula,washed,,false,,1,1,,,cqi,https://github.com/jldbc/coffee-quality-database,2026-09-24
cqi:arabica_2018:928,Mexico atoyac de alvarez el romance azul,,Mexico,atoyac de alvarez,natural,,false,,3,2,,,cqi,https://github.com/jldbc/coffee-quality-database,2026-09-24
cqi:arabica_2018:929,"Indonesia ijen ijen highland, east java",,Indonesia,ijen,washed,,false,,2,3,,,cqi,https://github.com/jldbc/coffee-quality-database,2026-09-24
cqi:arabica_2018:93,United States (Hawaii) kona,,United States,kona,,,false,,5,5,,,cqi,https://github.com/jldbc/coffee-quality-database,2026-09-24
cqi:arabica_2018:930,Brazil sul de minas sertao,,Brazil,sul de minas,semi-washed,,false,,2,3,,,cqi,https://github.com/jldbc/coffee-quality-database,2026-09-24
cqi:arabica_2018:931,Guatemala oriente chiquimulja / alpha cafe / senfro,,Guatemala,oriente,washed,,false,,2,1,,,cqi,https://github.com/jldbc/coffee-quality-database,2026-09-24
cqi:arabica_2018:932,Colombia cauca,,Colombia,cauca,,,false,,2,2,,,cqi,https://github.com/jldbc/coffee-quality-database,2026-09-24
cqi:arabica_2018:933,United States (Hawaii) kona,,United States,kona,,,false,,3,3,,,cqi,https://github.com/jldbc/coffee-quality-database,2026-09-24
cqi:arabica_2018:934,Mexico veracruz cafetal,,Mexico,veracruz,washed,,false,,2,3,,,cqi,https://github.com/jldbc/coffee-quality-database,2026-09-24
cqi:arabica_2018:935,Guatemala san marcos nueva granada,,Guatemala,san marcos,washed,,false,,3,2,,,cqi,https://github.com/jldbc/coffee-quality-database,2026-09-24
cqi:arabica_2018:936,Brazil cerrado fazenda rio brilhante,,Brazil,cerrado,natural,,false,,2,1,,,cqi,https://github.com/jldbc/coffee-quality-database,2026-09-24
cqi:arabica_2018:937,Honduras marcala cerro bueno,,Honduras,marcala,washed,,false,,1,3,,,cqi,https://github.com/jldbc/coffee-quality-database,2026-09-24
cqi:arabica_2018:938,Taiwan 苗栗三灣 山彎有機咖啡農場,,Taiwan,苗栗三灣,washed,,false,,1,1,,,cqi,https://github.com/jldbc/coffee-quality-database,2026-09-24
cqi:arabica_2018:939,Malawi mzuzu chimpumba,,Malawi,mzuzu,washed,,false,,2,1,,,cqi,https://github.com/jldbc/coffee-quality-database,2026-09-24
cqi:arabica_2018:94,Ethiopia sidamo,,Ethiopia,sidamo,,,false,,5,5,,,cqi,https://github.com/jldbc/coffee-quality-database,2026-09-24
cqi:arabica_2018:940,Brazil south of minas rio verde,,Brazil,south of minas,natural,,false,,1,2,,,cqi,https://github.com/jldbc/coffee-quality-database,2026-09-24
cqi:arabica_2018:941,"Guatemala san lucas toliman, solola santo tomas pachuj",,Guatemala,"san lucas toliman, solola",washed,,false,,2,2,,,cqi,https://github.com/jldbc/coffee-quality-database,2026-09-24
cqi:arabica_2018:942,Mexico siltepec el triunfo various,,Mexico,siltepec el triunfo,washed,,false,,1,1,,,cqi,https://github.com/jldbc/coffee-quality-database,2026-09-24
cqi:arabica_2018:943,Peru puno,,Peru,puno,washed,,false,,2,2,,,cqi,https://github.com/jldbc/coffee-quality-database,2026-09-24
cqi:arabica_2018:944,Guatemala oriente la union monte verde,,Guatemala,oriente,washed,,false,,2,2,,,cqi,https://github.com/jldbc/coffee-quality-database,2026-09-24
cqi:arabica_2018:945,"Mexico huazalingo, hidalgo palantla",,Mexico,"huazalingo, hidalgo",washed,,false,,1,1,,,cqi,https://github.com/jldbc/coffee-quality-database,2026-09-24
cqi:arabica_2018:946,"Mexico coatepec, coatepec los brujos",,Mexico,"coatepec, coatepec",washed,,false,,1,3,,,cqi,https://github.com/jldbc/coffee-quality-database,2026-09-24
cqi:arabica_2018:947,Colombia huila,,Colombia,huila,natural,,false,,1,1,,,cqi,https://github.com/jldbc/coffee-quality-database,2026-09-24
cqi:arabica_2018:948,Colombia cauca,,Colombia,cauca,,,false,,1,2,,,cqi,https://github.com/jldbc/coffee-quality-database,2026-09-24
cqi:arabica_2018:949,United States (Hawaii) kona kona pacific farmers cooperative,,United States,kona,,,false,,3,3,,,cqi,https://github.com/jldbc/coffee-quality-database,2026-09-24
cqi:arabica_2018:95,United States (Hawaii) kona kona pacific farmers cooperative,,United States,kona,,,false,,5,5,,,cqi,https://github.com/jldbc/coffee-quality-database,2026-09-24
cqi:arabica_2018:950,Colombia huila,,Colombia,huila,washed,,false,,1,2,,,cqi,https://github.com/jldbc/coffee-quality-database,2026-09-24
cqi:arabica_2018:951,Honduras comayagua las cuchillas,,Honduras,comayagua,washed,,false,,1,3,,,cqi,https://github.com/jldbc/coffee-quality-database,2026-09-24
cqi:arabica_2018:952,Mexico veracruz,,Mexico,veracruz,,,false,,2,3,,,cqi,https://github.com/jldbc/coffee-quality-database,2026-09-24
cqi:arabica_2018:953,Brazil cerrado fazenda sacramento,,Brazil,cerrado,natural,,false,,2,2,,,cqi,https://github.com/jldbc/coffee-quality-database,2026-09-24
cqi:arabica_2018:954,Honduras marcala bethel,,Honduras,marcala,washed,,false,,2,1,,,cqi,https://github.com/jldbc/coffee-quality-database,2026-09-24
cqi:arabica_2018:955,Brazil mantiqueira de minas sertao farm,,Brazil,mantiqueira de minas,,,false,,1,2,,,cqi,https://github.com/jldbc/coffee-quality-database,2026-09-24
cqi:arabica_2018:956,"Philippines davao city, region 11 bacofa",,Philippines,"davao city, region 11",washed,,false,,2,2,,,cqi,https://github.com/jldbc/coffee-quality-database,2026-09-24
cqi:arabica_2018:957,Malawi mzuzu usingini farm,,Malawi,mzuzu,washed,,false,,2,2,,,cqi,https://github.com/jldbc/coffee-quality-database,2026-09-24
cqi:arabica_2018:958,Honduras san marcos el cerron,,Honduras,san marcos,washed,,false,,2,3,,,cqi,https://github.com/jldbc/coffee-quality-database,2026-09-24
cqi:arabica_2018:959,Mexico tapachula,,Mexico,tapachula,washed,,false,,2,1,,,cqi,https://github.com/jldbc/coffee-quality-database,2026-09-24
cqi:arabica_2018:96,Uganda eastern uganda mount elgon area,,Uganda,eastern uganda,washed,,false,,4,4,,,cqi,https://github.com/jldbc/coffee-quality-database,2026-09-24
cqi:arabica_2018:960,Mexico veracruz cruz verde,,Mexico,veracruz,washed,,false,,2,3,,,cqi,https://github.com/jldbc/coffee-quality-database,2026-09-24
cqi:arabica_2018:961,Brazil matas de minas fazendas klem ltda,,Brazil,matas de minas,natural,,false,,3,4,,,cqi,https://github.com/jldbc/coffee-quality-database,2026-09-24
cqi:arabica_2018:962,"Taiwan dongshan dist., tainan city 台南市東山區 jing jing café 晶晶坊青山咖啡教室",,Taiwan,"dongshan dist., tainan city 台南市東山區",natural,,false,,5,5,,,cqi,https://github.com/jldbc/coffee-quality-database,2026-09-24
cqi:arabica_2018:963,Brazil south of minas rio verde,,Brazil,south of minas,natural,,false,,1,1,,,cqi,https://github.com/jldbc/coffee-quality-database,2026-09-24
cqi:arabica_2018:964,Nicaragua jinotega cafetales santa matilde,,Nicaragua,jinotega,washed,,false,,1,2,,,cqi,https://github.com/jldbc/coffee-quality-database,2026-09-24
cqi:arabica_2018:965,Honduras marcala cerro bueno,,Honduras,marcala,washed,,false,,3,2,,,cqi,https://github.com/jldbc/coffee-quality-database,2026-09-24
cqi:arabica_2018:966,Guatemala huehuetenango el injerto s.a.,,Guatemala,huehuetenango,washed,,false,,1,2,,,cqi,https://github.com/jldbc/coffee-quality-database,2026-09-24
cqi:arabica_2018:967,"Tanzania, United Republic Of karatu ngorogoro shangrilla estate",,Tanzania,karatu ngorogoro,washed,,false,,3,1,,,cqi,https://github.com/jldbc/coffee-quality-database,2026-09-24
cqi:arabica_2018:968,Taiwan nantou jia jia coffee 佳佳咖啡莊,,Taiwan,nantou,semi-washed,,false,,1,1,,,cqi,https://github.com/jldbc/coffee-quality-database,2026-09-24
cqi:arabica_2018:969,"Guatemala sacatepequez, guatemala finca medina",,Guatemala,"sacatepequez, guatemala",washed,,false,,3,1,,,cqi,https://github.com/jldbc/coffee-quality-database,2026-09-24
cqi:arabica_2018:97,Colombia huila,,Colombia,huila,washed,,false,,5,4,,,cqi,https://github.com/jldbc/coffee-quality-database,2026-09-24
cqi:arabica_2018:970,Mexico motozintla finca chanjul,,Mexico,motozintla,washed,,false,,2,3,,,cqi,https://github.com/jldbc/coffee-quality-database,2026-09-24
cqi:arabica_2018:971,"Nicaragua dipilto, nueva segovia las promesas de san blass",,Nicaragua,"dipilto, nueva segovia",washed,,false,,1,3,,,cqi,https://github.com/jldbc/coffee-quality-database,2026-09-24
cqi:arabica_2018:972,"Tanzania, United Republic Of ruvuma, mbinga mviwambi coffee farmers",,Tanzania,"ruvuma, mbinga",washed,,false,,2,3,,,cqi,https://github.com/jldbc/coffee-quality-database,2026-09-24
cqi:arabica_2018:973,"Mexico chiapas, jaltenango exportadora café california",,Mexico,"chiapas, jaltenango",washed,,false,,1,1,,,cqi,https://github.com/jldbc/coffee-quality-database,2026-09-24
cqi:arabica_2018:974,Costa Rica tres rios el patalillo,,Costa Rica,tres rios,washed,,false,,1,1,,,cqi,https://github.com/jldbc/coffee-quality-database,2026-09-24
cqi:arabica_2018:975,Honduras central region los hicaques,,Honduras,central region,natural,,false,,2,2,,,cqi,https://github.com/jldbc/coffee-quality-database,2026-09-24
cqi:arabica_2018:976,Thailand chiangrai,,Thailand,chiangrai,washed,,false,,1,3,,,cqi,https://github.com/jldbc/coffee-quality-database,2026-09-24
cqi:arabica_2018:977,"Philippines corillera administrative irisan, baguio",,Philippines,corillera administrative,natural,,false,,1,3,,,cqi,https://github.com/jldbc/coffee-quality-database,2026-09-24
cqi:arabica_2018:978,"Tanzania, United Republic Of mbinga ampcg",,Tanzania,mbinga,washed,,false,,2,2,,,cqi,https://github.com/jldbc/coffee-quality-database,2026-09-24
cqi:arabica_2018:979,Malawi southern- zomba makoka valley estate,,Malawi,southern- zomba,washed,,false,,1,2,,,cqi,https://github.com/jldbc/coffee-quality-database,2026-09-24
cqi:arabica_2018:98,Costa Rica tarrazu estate la patricia,,Costa Rica,tarrazu,washed,,false,,5,5,,,cqi,https://github.com/jldbc/coffee-quality-database,2026-09-24
cqi:arabica_2018:980,Costa Rica central valley various,,Costa Rica,central valley,washed,,false,,1,2,,,cqi,https://github.com/jldbc/coffee-quality-database,2026-09-24
cqi:arabica_2018:981,Brazil monte carmelo juliana,,Brazil,monte carmelo,natural,,false,,2,2,,,cqi,https://github.com/jldbc/coffee-quality-database,2026-09-24
cqi:arabica_2018:982,Mexico tapachula,,Mexico,tapachula,natural,,false,,4,2,,,cqi,https://github.com/jldbc/coffee-quality-database,2026-09-24
cqi:arabica_2018:983,Guatemala oriente finca quequesquez,,Guatemala,oriente,washed,,false,,1,1,,,cqi,https://github.com/jldbc/coffee-quality-database,2026-09-24
cqi:arabica_2018:984,Brazil south of minas fazenda são sebastião,,Brazil,south of minas,natural,,false,,2,3,,,cqi,https://github.com/jldbc/coffee-quality-database,2026-09-24
cqi:arabica_2018:985,United States (Hawaii) kona,,United States,kona,,,false,,4,2,,,cqi,https://github.com/jldbc/coffee-quality-database,2026-09-24
cqi:arabica_2018:986,Ethiopia sidamo,,Ethiopia,sidamo,natural,,false,,2,2,,,cqi,https://github.com/jldbc/coffee-quality-database,2026-09-24
cqi:arabica_2018:987,Brazil alta paulista (sao paulo) fazenda são josé mirante,,Brazil,alta paulista (sao paulo),natural,,false,,1,4,,,cqi,https://github.com/jldbc/coffee-quality-database,2026-09-24
cqi:arabica_2018:988,Nicaragua jinotega cafetales santa matilde,,Nicaragua,jinotega,washed,,false,,2,2,,,cqi,https://github.com/jldbc/coffee-quality-database,2026-09-24
cqi:arabica_2018:989,United States central america,,United States,central america,natural,,false,,2,1,,,cqi,https://github.com/jldbc/coffee-quality-database,2026-09-24
cqi:arabica_2018:99,Mexico veracruz various,,Mexico,veracruz,washed,,false,,4,4,,,cqi,https://github.com/jldbc/coffee-quality-database,2026-09-24
cqi:arabica_2018:990,"Tanzania, United Republic Of iwala village, mbeya rural mwalyego amcos",,Tanzania,"iwala village, mbeya rural",washed,,false,,1,1,,,cqi,https://github.com/jldbc/coffee-quality-database,2026-09-24
cqi:arabica_2018:991,Costa Rica naranjo santa laura,,Costa Rica,naranjo,washed,,false,,1,1,,,cqi,https://github.com/jldbc/coffee-quality-database,2026-09-24
cqi:arabica_2018:992,United States (Puerto Rico) yauco region hacienda caracolillo,,United States,yauco region,washed,,false,,3,3,,,cqi,https://github.com/jldbc/coffee-quality-database,2026-09-24
cqi:arabica_2018:993,"Mexico san fernando san fernando, chiapas",,Mexico,san fernando,washed,,false,,2,1,,,cqi,https://github.com/jldbc/coffee-quality-database,2026-09-24
cqi:arabica_2018:994,Mexico santo reyes nopala cafetal sinai,,Mexico,santo reyes nopala,washed,,false,,2,1,,,cqi,https://github.com/jldbc/coffee-quality-database,2026-09-24
cqi:arabica_2018:995,Mexico santa maria sitepec,,Mexico,santa maria sitepec,washed,,false,,2,1,,,cqi,https://github.com/jldbc/coffee-quality-database,2026-09-24
cqi:arabica_2018:996,Mexico talpa de allende el desmoronado,,Mexico,talpa de allende,washed,,false,,2,1,,,cqi,https://github.com/jldbc/coffee-quality-database,2026-09-24
cqi:arabica_2018:997,United States (Hawaii),,United States,,washed,,false,,3,1,,,cqi,https://github.com/jldbc/coffee-quality-database,2026-09-24
cqi:arabica_2018:998,Brazil grama valley cachoeira da grama farm,,Brazil,grama valley,honey,,false,,3,2,,,cqi,https://github.com/jldbc/coffee-quality-database,2026-09-24
cqi:arabica_2018:999,El Salvador apaneca santa josefita,,El Salvador,apaneca,washed,,false,,2,1,,,cqi,https://github.com/jldbc/coffee-quality-database,2026-09-24
cqi:arabica_2023:0,"Colombia Piendamo,Cauca Finca El Paraiso",,Colombia,"Piendamo,Cauca",anaerobic,,false,,5,5,,,cqi,https://github.com/fatih-boyar/coffee-quality-data-CQI,2026-09-24
cqi:arabica_2023:1,Taiwan Chiayi Royal Bean Geisha Estate,,Taiwan,Chiayi,washed,,false,,5,5,,,cqi,https://github.com/fatih-boyar/coffee-quality-data-CQI,2026-09-24
cqi:arabica_2023:10,Ethiopia Guji TADE GG,,Ethiopia,Guji,natural,,false,,5,5,,,cqi,https://github.com/fatih-boyar/coffee-quality-data-CQI,2026-09-24
cqi:arabica_2023:100,Ethiopia Sidama Gerbicho Lela Cooperative,,Ethiopia,Sidama,washed,,false,,5,3,,,cqi,https://github.com/fatih-boyar/coffee-quality-data-CQI,2026-09-24
cqi:arabica_2023:101,Colombia Cauca N / A,,Colombia,Cauca,washed,,false,,3,5,,,cqi,https://github.com/fatih-boyar/coffee-quality-data-CQI,2026-09-24
cqi:arabica_2023:102,United States (Hawaii) Ka'u various farms,,United States,Ka'u,washed,,false,,3,3,,,cqi,https://github.com/fatih-boyar/coffee-quality-data-CQI,2026-09-24
cqi:arabica_2023:103,Colombia Tolima La Gallera,,Colombia,Tolima,honey,,false,,3,4,,,cqi,https://github.com/fatih-boyar/coffee-quality-data-CQI,2026-09-24
cqi:arabica_2023:104,Mexico Chiapas Finca Custepec,,Mexico,Chiapas,washed,,false,,4,5,,,cqi,https://github.com/fatih-boyar/coffee-quality-data-CQI,2026-09-24
cqi:arabica_2023:105,Colombia,,Colombia,,,,false,,3,4,,,cqi,https://github.com/fatih-boyar/coffee-quality-data-CQI,2026-09-24
cqi:arabica_2023:106,"Taiwan Caoling , Gukeng Township, Yunlin County 永舜咖啡莊園",,Taiwan,"Caoling , Gukeng Township, Yunlin County",washed,,false,,4,3,,,cqi,https://github.com/fatih-boyar/coffee-quality-data-CQI,2026-09-24
cqi:arabica_2023:107,Myanmar South Shan State Aromatic,,Myanmar,South Shan State,natural,,false,,3,3,,,cqi,https://github.com/fatih-boyar/coffee-quality-data-CQI,2026-09-24
cqi:arabica_2023:108,Taiwan 新竹縣 恆珊農場,,Taiwan,新竹縣,honey,,false,,5,3,,,cqi,https://github.com/fatih-boyar/coffee-quality-data-CQI,2026-09-24
cqi:arabica_2023:109,"Honduras San Jose, La Paz Maria Bonita",,Honduras,"San Jose, La Paz",natural,,false,,4,4,,,cqi,https://github.com/fatih-boyar/coffee-quality-data-CQI,2026-09-24
cqi:arabica_2023:11,Guatemala Acatenango Karen Acajabon Coffee Farm,,Guatemala,Acatenango,natural,,false,,4,5,,,cqi,https://github.com/fatih-boyar/coffee-quality-data-CQI,2026-09-24
cqi:arabica_2023:110,Taiwan 新竹縣 正源咖啡,,Taiwan,新竹縣,natural,,false,,4,4,,,cqi,https://github.com/fatih-boyar/coffee-quality-data-CQI,2026-09-24
cqi:arabica_2023:111,Taiwan 新竹縣 宋明光	蝙蝠洞莊園	蝙蝠洞莊園,,Taiwan,新竹縣,honey,,false,,4,3,,,cqi,https://github.com/fatih-boyar/coffee-quality-data-CQI,2026-09-24
cqi:arabica_2023:112,Guatemala QUICHE SAN FRANCISCO COTZAL,,Guatemala,QUICHE,washed,,false,,4,3,,,cqi,https://github.com/fatih-boyar/coffee-quality-data-CQI,2026-09-24
cqi:arabica_2023:113,Honduras Marcala varias,,Honduras,Marcala,washed,,false,,3,3,,,cqi,https://github.com/fatih-boyar/coffee-quality-data-CQI,2026-09-24
cqi:arabica_2023:114,Colombia Popayán Cauca La fortaleza,,Colombia,Popayán Cauca,washed,,false,,3,5,,,cqi,https://github.com/fatih-boyar/coffee-quality-data-CQI,2026-09-24
cqi:arabica_2023:115,Thailand North of Thailand Doi Tung Development Project,,Thailand,North of Thailand,washed,,false,,4,4,,,cqi,https://github.com/fatih-boyar/coffee-quality-data-CQI,2026-09-24
cqi:arabica_2023:116,Ethiopia OROMIA YHAENU PLC FARM,,Ethiopia,OROMIA,washed,,false,,5,5,,,cqi,https://github.com/fatih-boyar/coffee-quality-data-CQI,2026-09-24
cqi:arabica_2023:117,Thailand Suan Ya Lung Doi Nan,,Thailand,Suan Ya Lung,washed,,false,,4,3,,,cqi,https://github.com/fatih-boyar/coffee-quality-data-CQI,2026-09-24
cqi:arabica_2023:118,Uganda Mt Elgon Bugisu Shamba,,Uganda,Mt Elgon,washed,,false,,3,3,,,cqi,https://github.com/fatih-boyar/coffee-quality-data-CQI,2026-09-24
cqi:arabica_2023:119,Taiwan Chiayi 香香久溢咖啡莊園,,Taiwan,Chiayi,washed,,false,,5,4,,,cqi,https://github.com/fatih-boyar/coffee-quality-data-CQI,2026-09-24
cqi:arabica_2023:12,Taiwan Yunlin 古峰咖啡莊園 Goodfun Coffee Farm,,Taiwan,Yunlin,washed,,false,,5,5,,,cqi,https://github.com/fatih-boyar/coffee-quality-data-CQI,2026-09-24
cqi:arabica_2023:120,Uganda Rwenzori Masereka William,,Uganda,Rwenzori,washed,,false,,3,4,,,cqi,https://github.com/fatih-boyar/coffee-quality-data-CQI,2026-09-24
cqi:arabica_2023:121,Taiwan 新竹縣 四分子道,,Taiwan,新竹縣,honey,,false,,4,3,,,cqi,https://github.com/fatih-boyar/coffee-quality-data-CQI,2026-09-24
cqi:arabica_2023:122,Guatemala NEW ORIENTE & HUEHUETENANGO MI CAFECITO & LA PROVIDENCIA,,Guatemala,NEW ORIENTE & HUEHUETENANGO,washed,,false,,4,4,,,cqi,https://github.com/fatih-boyar/coffee-quality-data-CQI,2026-09-24
cqi:arabica_2023:123,Taiwan 桃園市 木華莊園,,Taiwan,桃園市,washed,,false,,4,2,,,cqi,https://github.com/fatih-boyar/coffee-quality-data-CQI,2026-09-24
cqi:arabica_2023:124,Colombia Sierra Nevada de Santa Marta El Laurel,,Colombia,Sierra Nevada de Santa Marta,washed,,false,,4,3,,,cqi,https://github.com/fatih-boyar/coffee-quality-data-CQI,2026-09-24
cqi:arabica_2023:125,Costa Rica Tarrazu Gamboa Farm,,Costa Rica,Tarrazu,washed,,false,,4,3,,,cqi,https://github.com/fatih-boyar/coffee-quality-data-CQI,2026-09-24
cqi:arabica_2023:126,Taiwan Yunlin 東泓咖啡莊園,,Taiwan,Yunlin,washed,,false,,3,3,,,cqi,https://github.com/fatih-boyar/coffee-quality-data-CQI,2026-09-24
cqi:arabica_2023:127,Thailand North of Thailand Doi Tung Development Project,,Thailand,North of Thailand,washed,,false,,2,3,,,cqi,https://github.com/fatih-boyar/coffee-quality-data-CQI,2026-09-24
cqi:arabica_2023:128,"Tanzania, United Republic Of KILIMANJARO MASHIMA AMCOS",,Tanzania,KILIMANJARO,washed,,false,,3,4,,,cqi,https://github.com/fatih-boyar/coffee-quality-data-CQI,2026-09-24
cqi:arabica_2023:129,Brazil Sul de Minas Fazenda Conquista e Capoeirinha,,Brazil,Sul de Minas,natural,,false,,5,4,,,cqi,https://github.com/fatih-boyar/coffee-quality-data-CQI,2026-09-24
cqi:arabica_2023:13,Ethiopia Guji Gelana Geisha,,Ethiopia,Guji,natural,,false,,5,5,,,cqi,https://github.com/fatih-boyar/coffee-quality-data-CQI,2026-09-24
cqi:arabica_2023:130,Taiwan 苗栗縣 棒棒有機農場,,Taiwan,苗栗縣,washed,,false,,4,2,,,cqi,https://github.com/fatih-boyar/coffee-quality-data-CQI,2026-09-24
cqi:arabica_2023:131,Colombia Quindio Buenos Aires,,Colombia,Quindio,anaerobic,,false,,4,3,,,cqi,https://github.com/fatih-boyar/coffee-quality-data-CQI,2026-09-24
cqi:arabica_2023:132,"Honduras Marcala, La Paz La Bendicion",,Honduras,"Marcala, La Paz",washed,,false,,3,3,,,cqi,https://github.com/fatih-boyar/coffee-quality-data-CQI,2026-09-24
cqi:arabica_2023:133,Honduras Marcala varias,,Honduras,Marcala,washed,,false,,3,3,,,cqi,https://github.com/fatih-boyar/coffee-quality-data-CQI,2026-09-24
cqi:arabica_2023:134,Taiwan 新竹縣 蜜多莊園,,Taiwan,新竹縣,natural,,false,,4,3,,,cqi,https://github.com/fatih-boyar/coffee-quality-data-CQI,2026-09-24
cqi:arabica_2023:135,Taiwan 苗栗縣 迎曦山丘,,Taiwan,苗栗縣,washed,,false,,3,3,,,cqi,https://github.com/fatih-boyar/coffee-quality-data-CQI,2026-09-24
cqi:arabica_2023:136,"Laos Nongluang Bolaven Plateau, Champasack, Lao PDR Nongluang Bolaven Plateau",,Laos,"Nongluang Bolaven Plateau, Champasack, Lao PDR",natural,,false,,4,3,,,cqi,https://github.com/fatih-boyar/coffee-quality-data-CQI,2026-09-24
cqi:arabica_2023:137,"Honduras Centro, Lagunetillas - Ajuterique, Comayagua La Cuchilla",,Honduras,"Centro, Lagunetillas - Ajuterique, Comayagua",washed,,false,,3,3,,,cqi,https://github.com/fatih-boyar/coffee-quality-data-CQI,2026-09-24
cqi:arabica_2023:138,"Honduras Los Planes de Santa Maria, La Paz Bethel",,Honduras,"Los Planes de Santa Maria, La Paz",washed,,false,,3,3,,,cqi,https://github.com/fatih-boyar/coffee-quality-data-CQI,2026-09-24
cqi:arabica_2023:139,Colombia HUILA EL PRADO,,Colombia,HUILA,washed,,false,,3,3,,,cqi,https://github.com/fatih-boyar/coffee-quality-data-CQI,2026-09-24
cqi:arabica_2023:14,Colombia tolima La Gaitania,,Colombia,tolima,washed,,false,,5,5,,,cqi,https://github.com/fatih-boyar/coffee-quality-data-CQI,2026-09-24
cqi:arabica_2023:140,Taiwan 新竹縣 樹橋窩莊園,,Taiwan,新竹縣,honey,,false,,3,3,,,cqi,https://github.com/fatih-boyar/coffee-quality-data-CQI,2026-09-24
cqi:arabica_2023:141,"Mexico ZONGOLICA, VERACRUZ Finca Tequihua",,Mexico,"ZONGOLICA, VERACRUZ",washed,,false,,4,3,,,cqi,https://github.com/fatih-boyar/coffee-quality-data-CQI,2026-09-24
cqi:arabica_2023:142,Colombia Quindio La Argentina,,Colombia,Quindio,washed,,false,,4,3,,,cqi,https://github.com/fatih-boyar/coffee-quality-data-CQI,2026-09-24
cqi:arabica_2023:143,"Taiwan Shibi, Gukeng Township, Yunlin County 郵遞區號 , Taiwan (R.O.C.) 嵩岳咖啡莊園",,Taiwan,"Shibi, Gukeng Township, Yunlin County 郵遞區號 , Taiwan (R.O.C.)",,,false,,4,2,,,cqi,https://github.com/fatih-boyar/coffee-quality-data-CQI,2026-09-24
cqi:arabica_2023:144,Honduras Marcala Varias,,Honduras,Marcala,washed,,false,,3,3,,,cqi,https://github.com/fatih-boyar/coffee-quality-data-CQI,2026-09-24
cqi:arabica_2023:145,Thailand North of Thailand Doi Tung Development Project,,Thailand,North of Thailand,washed,,false,,3,3,,,cqi,https://github.com/fatih-boyar/coffee-quality-data-CQI,2026-09-24
cqi:arabica_2023:146,"Vietnam Eatan Commune, Krong Nang District, Krong Nang Province Ea tan Cooperative",,Vietnam,"Eatan Commune, Krong Nang District, Krong Nang Province",honey,,false,,3,4,,,cqi,https://github.com/fatih-boyar/coffee-quality-data-CQI,2026-09-24
cqi:arabica_2023:147,Nicaragua Matagalpa Finca San Felipe,,Nicaragua,Matagalpa,natural,,false,,2,4,,,cqi,https://github.com/fatih-boyar/coffee-quality-data-CQI,2026-09-24
cqi:arabica_2023:148,Costa Rica west Villege AMA EL AROMA Micro lot - Sunrise,,Costa Rica,west Villege,honey,,false,,5,4,,,cqi,https://github.com/fatih-boyar/coffee-quality-data-CQI,2026-09-24
cqi:arabica_2023:149,Colombia Huila Federación Nacional de Cafeteros de Colombia,,Colombia,Huila,washed,,false,,3,2,,,cqi,https://github.com/fatih-boyar/coffee-quality-data-CQI,2026-09-24
cqi:arabica_2023:15,Taiwan Chiayi 青葉咖啡莊園,,Taiwan,Chiayi,honey,,false,,5,5,,,cqi,https://github.com/fatih-boyar/coffee-quality-data-CQI,2026-09-24
cqi:arabica_2023:150,Thailand North of Thailand Doi Tung Development Project,,Thailand,North of Thailand,washed,,false,,3,4,,,cqi,https://github.com/fatih-boyar/coffee-quality-data-CQI,2026-09-24
cqi:arabica_2023:151,Thailand Chiang Mai Kevin Coffee,,Thailand,Chiang Mai,natural,,false,,2,3,,,cqi,https://github.com/fatih-boyar/coffee-quality-data-CQI,2026-09-24
cqi:arabica_2023:152,Honduras los planes de santa maria la paz Bethel,,Honduras,los planes de santa maria la paz,washed,,false,,3,3,,,cqi,https://github.com/fatih-boyar/coffee-quality-data-CQI,2026-09-24
cqi:arabica_2023:153,Taiwan 苗栗縣 銅鏡莊園,,Taiwan,苗栗縣,natural,,false,,2,2,,,cqi,https://github.com/fatih-boyar/coffee-quality-data-CQI,2026-09-24
cqi:arabica_2023:154,Taiwan 苗栗縣 掬香園,,Taiwan,苗栗縣,washed,,false,,2,3,,,cqi,https://github.com/fatih-boyar/coffee-quality-data-CQI,2026-09-24
cqi:arabica_2023:155,Nicaragua ESTELI Finca Las Dos Marias,,Nicaragua,ESTELI,washed,,false,,3,3,,,cqi,https://github.com/fatih-boyar/coffee-quality-data-CQI,2026-09-24
cqi:arabica_2023:156,El Salvador Apaneca - Ilamatepec Agua Caliente,,El Salvador,Apaneca - Ilamatepec,washed,,false,,4,5,,,cqi,https://github.com/fatih-boyar/coffee-quality-data-CQI,2026-09-24
cqi:arabica_2023:157,Panama Boquete Finca Lerida,,Panama,Boquete,washed,,false,,4,2,,,cqi,https://github.com/fatih-boyar/coffee-quality-data-CQI,2026-09-24
cqi:arabica_2023:158,Brazil MANTIQUEIRA / SUL DE MINAS Fazenda Pedra Preta,,Brazil,MANTIQUEIRA / SUL DE MINAS,natural,,false,,3,4,,,cqi,https://github.com/fatih-boyar/coffee-quality-data-CQI,2026-09-24
cqi:arabica_2023:159,United States (Hawaii) Kona Kainaliu Farm,,United States,Kona,washed,,false,,3,3,,,cqi,https://github.com/fatih-boyar/coffee-quality-data-CQI,2026-09-24
cqi:arabica_2023:16,"Ethiopia Gedeb,Yirgacheffe,Sidamo Halo Bariti Cooprative",,Ethiopia,"Gedeb,Yirgacheffe,Sidamo",washed,,false,,5,4,,,cqi,https://github.com/fatih-boyar/coffee-quality-data-CQI,2026-09-24
cqi:arabica_2023:160,Mexico Veracruz Las Trincheras,,Mexico,Veracruz,washed,,false,,3,4,,,cqi,https://github.com/fatih-boyar/coffee-quality-data-CQI,2026-09-24
cqi:arabica_2023:161,"Honduras Centro, Lagunetillas - Ajuterique, Comayagua La Cuchilla",,Honduras,"Centro, Lagunetillas - Ajuterique, Comayagua",washed,,false,,3,3,,,cqi,https://github.com/fatih-boyar/coffee-quality-data-CQI,2026-09-24
cqi:arabica_2023:162,Taiwan 新竹縣 弘欣咖啡園,,Taiwan,新竹縣,washed,,false,,2,3,,,cqi,https://github.com/fatih-boyar/coffee-quality-data-CQI,2026-09-24
cqi:arabica_2023:163,"Nicaragua Matagalpa, Nicaragua Finca Aurora",,Nicaragua,"Matagalpa, Nicaragua",washed,,false,,2,3,,,cqi,https://github.com/fatih-boyar/coffee-quality-data-CQI,2026-09-24
cqi:arabica_2023:164,Vietnam Dalat Apollo Estate,,Vietnam,Dalat,washed,,false,,3,3,,,cqi,https://github.com/fatih-boyar/coffee-quality-data-CQI,2026-09-24
cqi:arabica_2023:165,El Salvador Apaneca - Ilamatepec Agua Caliente,,El Salvador,Apaneca - Ilamatepec,washed,,false,,2,2,,,cqi,https://github.com/fatih-boyar/coffee-quality-data-CQI,2026-09-24
cqi:arabica_2023:166,El Salvador Apaneca - Ilamatepec Agua Caliente,,El Salvador,Apaneca - Ilamatepec,washed,,false,,4,5,,,cqi,https://github.com/fatih-boyar/coffee-quality-data-CQI,2026-09-24
cqi:arabica_2023:167,Taiwan 新竹縣 寶山謐靚,,Taiwan,新竹縣,natural,,false,,3,2,,,cqi,https://github.com/fatih-boyar/coffee-quality-data-CQI,2026-09-24
cqi:arabica_2023:168,"Peru Chanchamayo, La Merced Fundo La Libertado",,Peru,"Chanchamayo, La Merced",washed,,false,,3,2,,,cqi,https://github.com/fatih-boyar/coffee-quality-data-CQI,2026-09-24
cqi:arabica_2023:169,United States (Hawaii) Kona district of Big Island Manny's Farm,,United States,Kona district of Big Island,washed,,false,,3,2,,,cqi,https://github.com/fatih-boyar/coffee-quality-data-CQI,2026-09-24
cqi:arabica_2023:17,"Taiwan Shibi, Gukeng Township, Yunlin County 郵遞區號 , Taiwan (R.O.C.) 東璧咖啡莊園",,Taiwan,"Shibi, Gukeng Township, Yunlin County 郵遞區號 , Taiwan (R.O.C.)",natural,,false,,5,5,,,cqi,https://github.com/fatih-boyar/coffee-quality-data-CQI,2026-09-24
cqi:arabica_2023:170,Kenya Kericho Kenyan Highlands,,Kenya,Kericho,washed,,false,,3,1,,,cqi,https://github.com/fatih-boyar/coffee-quality-data-CQI,2026-09-24
cqi:arabica_2023:171,"Honduras Centro, Lagunetillas - Ajuterique, Comayagua La Cuchilla",,Honduras,"Centro, Lagunetillas - Ajuterique, Comayagua",washed,,false,,3,3,,,cqi,https://github.com/fatih-boyar/coffee-quality-data-CQI,2026-09-24
cqi:arabica_2023:172,Taiwan 桃園市 金暖農場,,Taiwan,桃園市,washed,,false,,3,1,,,cqi,https://github.com/fatih-boyar/coffee-quality-data-CQI,2026-09-24
cqi:arabica_2023:173,Taiwan 苗栗縣 好客農埸,,Taiwan,苗栗縣,honey,,false,,3,2,,,cqi,https://github.com/fatih-boyar/coffee-quality-data-CQI,2026-09-24
cqi:arabica_2023:174,Taiwan 桃園市 拉拉山祖嵐咖啡莊園,,Taiwan,桃園市,washed,,false,,2,1,,,cqi,https://github.com/fatih-boyar/coffee-quality-data-CQI,2026-09-24
cqi:arabica_2023:175,Thailand North of Thailand Doi Tung Development Project,,Thailand,North of Thailand,washed,,false,,2,3,,,cqi,https://github.com/fatih-boyar/coffee-quality-data-CQI,2026-09-24
cqi:arabica_2023:176,Costa Rica Corralillo Tarrazu San Diego Mill,,Costa Rica,Corralillo Tarrazu,washed,,false,,2,3,,,cqi,https://github.com/fatih-boyar/coffee-quality-data-CQI,2026-09-24
cqi:arabica_2023:177,Guatemala Oriente Not Specificated,,Guatemala,Oriente,washed,,false,,2,3,,,cqi,https://github.com/fatih-boyar/coffee-quality-data-CQI,2026-09-24
cqi:arabica_2023:178,Indonesia Sumatra Wahana Graha Makmur,,Indonesia,Sumatra,honey,,false,,4,2,,,cqi,https://github.com/fatih-boyar/coffee-quality-data-CQI,2026-09-24
cqi:arabica_2023:179,"Peru Chanchamayo, La Merced Fundo La Libertad",,Peru,"Chanchamayo, La Merced",washed,,false,,3,2,,,cqi,https://github.com/fatih-boyar/coffee-quality-data-CQI,2026-09-24
cqi:arabica_2023:18,"Taiwan Gukeng Township, Yunlin County 櫻桃果古坑咖啡莊園",,Taiwan,"Gukeng Township, Yunlin County",natural,,false,,5,5,,,cqi,https://github.com/fatih-boyar/coffee-quality-data-CQI,2026-09-24
cqi:arabica_2023:180,Guatemala Antigua MULTIPLE SMALLHOLDER FARMS,,Guatemala,Antigua,washed,,false,,2,3,,,cqi,https://github.com/fatih-boyar/coffee-quality-data-CQI,2026-09-24
cqi:arabica_2023:181,Taiwan 桃園市 阿拉思家,,Taiwan,桃園市,honey,,false,,3,2,,,cqi,https://github.com/fatih-boyar/coffee-quality-data-CQI,2026-09-24
cqi:arabica_2023:182,Vietnam Lam Dong Province Gaia Farms,,Vietnam,Lam Dong Province,honey,,false,,2,2,,,cqi,https://github.com/fatih-boyar/coffee-quality-data-CQI,2026-09-24
cqi:arabica_2023:183,Brazil Mantiquira de minas Sitio Colinas,,Brazil,Mantiquira de minas,honey,,false,,2,2,,,cqi,https://github.com/fatih-boyar/coffee-quality-data-CQI,2026-09-24
cqi:arabica_2023:184,Brazil Sul de Minas Fazenda Olhos Dagua,,Brazil,Sul de Minas,natural,,false,,2,2,,,cqi,https://github.com/fatih-boyar/coffee-quality-data-CQI,2026-09-24
cqi:arabica_2023:185,Colombia Santander More than one,,Colombia,Santander,washed,,false,,2,2,,,cqi,https://github.com/fatih-boyar/coffee-quality-data-CQI,2026-09-24
cqi:arabica_2023:186,"Mexico Coatepec, Veracruz Finca San José",,Mexico,"Coatepec, Veracruz",washed,,false,,1,3,,,cqi,https://github.com/fatih-boyar/coffee-quality-data-CQI,2026-09-24
cqi:arabica_2023:187,Costa Rica occidente HACIENDA SAN IGNACIO,,Costa Rica,occidente,washed,,false,,2,2,,,cqi,https://github.com/fatih-boyar/coffee-quality-data-CQI,2026-09-24
cqi:arabica_2023:188,Taiwan 新北市 橫鹿,,Taiwan,新北市,honey,,false,,2,2,,,cqi,https://github.com/fatih-boyar/coffee-quality-data-CQI,2026-09-24
cqi:arabica_2023:189,Taiwan 臺北市 大屯29莊園,,Taiwan,臺北市,honey,,false,,2,2,,,cqi,https://github.com/fatih-boyar/coffee-quality-data-CQI,2026-09-24
cqi:arabica_2023:19,"Tanzania, United Republic Of Arusha BURKA",,Tanzania,Arusha,washed,,false,,5,5,,,cqi,https://github.com/fatih-boyar/coffee-quality-data-CQI,2026-09-24
cqi:arabica_2023:190,Thailand North of Thailand Doi Tung Development Project,,Thailand,North of Thailand,washed,,false,,2,3,,,cqi,https://github.com/fatih-boyar/coffee-quality-data-CQI,2026-09-24
cqi:arabica_2023:191,Thailand Chiang Rai Doi Lan,,Thailand,Chiang Rai,natural,,false,,2,2,,,cqi,https://github.com/fatih-boyar/coffee-quality-data-CQI,2026-09-24
cqi:arabica_2023:192,Thailand North of Thailand Doi Tung Development Project,,Thailand,North of Thailand,washed,,false,,1,2,,,cqi,https://github.com/fatih-boyar/coffee-quality-data-CQI,2026-09-24
cqi:arabica_2023:193,Colombia Cauca Escalera,,Colombia,Cauca,washed,,false,,2,1,,,cqi,https://github.com/fatih-boyar/coffee-quality-data-CQI,2026-09-24
cqi:arabica_2023:194,Brazil Alta Mogiana-Ibiraci Various farm,,Brazil,Alta Mogiana-Ibiraci,natural,,false,,1,1,,,cqi,https://github.com/fatih-boyar/coffee-quality-data-CQI,2026-09-24
cqi:arabica_2023:195,"El Salvador Volcan Chinchontepek, San Vicente, El Salvador Rosario de Maria II, Area de Loma Alta",,El Salvador,"Volcan Chinchontepek, San Vicente, El Salvador",natural,,false,,3,1,,,cqi,https://github.com/fatih-boyar/coffee-quality-data-CQI,2026-09-24
cqi:arabica_2023:196,Nicaragua EXPORTADORA ATLANTIC S.A,,Nicaragua,,washed,,false,,2,1,,,cqi,https://github.com/fatih-boyar/coffee-quality-data-CQI,2026-09-24
cqi:arabica_2023:197,Nicaragua Jinotega Sajonia Estate Coffee S.A.,,Nicaragua,Jinotega,washed,,false,,1,2,,,cqi,https://github.com/fatih-boyar/coffee-quality-data-CQI,2026-09-24
cqi:arabica_2023:198,"Colombia Caicedonia,Valle del Cauca Finca Mallorca",,Colombia,"Caicedonia,Valle del Cauca",washed,,false,,2,1,,,cqi,https://github.com/fatih-boyar/coffee-quality-data-CQI,2026-09-24
cqi:arabica_2023:199,"Peru Chanchamayo, Lamerced Fundo La Libertad",,Peru,"Chanchamayo, Lamerced",washed,,false,,1,1,,,cqi,https://github.com/fatih-boyar/coffee-quality-data-CQI,2026-09-24
cqi:arabica_2023:2,Laos Laos Borofen Plateau OKLAO coffee farms,,Laos,Laos Borofen Plateau,semi-washed,,false,,5,5,,,cqi,https://github.com/fatih-boyar/coffee-quality-data-CQI,2026-09-24
cqi:arabica_2023:20,"Guatemala Guatemala, Fraijanes, Santa Rosa Finca Vista Hermosa",,Guatemala,"Guatemala, Fraijanes, Santa Rosa",natural,,false,,5,4,,,cqi,https://github.com/fatih-boyar/coffee-quality-data-CQI,2026-09-24
cqi:arabica_2023:200,"El Salvador Volcan Chinchontepek, San Vicente, El Salvador Rosario de Maria II, Area de Menjivar",,El Salvador,"Volcan Chinchontepek, San Vicente, El Salvador",natural,,false,,2,2,,,cqi,https://github.com/fatih-boyar/coffee-quality-data-CQI,2026-09-24
cqi:arabica_2023:201,Brazil Alta Mogiana-Ibiraci Various farm,,Brazil,Alta Mogiana-Ibiraci,natural,,false,,1,1,,,cqi,https://github.com/fatih-boyar/coffee-quality-data-CQI,2026-09-24
cqi:arabica_2023:202,Brazil Sul de Minas Fazenda Conquista,,Brazil,Sul de Minas,natural,,false,,1,2,,,cqi,https://github.com/fatih-boyar/coffee-quality-data-CQI,2026-09-24
cqi:arabica_2023:203,Nicaragua Matagalpa Finca San Felipe,,Nicaragua,Matagalpa,natural,,false,,1,2,,,cqi,https://github.com/fatih-boyar/coffee-quality-data-CQI,2026-09-24
cqi:arabica_2023:204,Laos Bolaven Plateau -,,Laos,Bolaven Plateau,washed,,false,,1,1,,,cqi,https://github.com/fatih-boyar/coffee-quality-data-CQI,2026-09-24
cqi:arabica_2023:205,"El Salvador Volcan de San Vicente, La Paz, El Salvador Rosario de Maria II, Area de La Pila",,El Salvador,"Volcan de San Vicente, La Paz, El Salvador",natural,,false,,1,1,,,cqi,https://github.com/fatih-boyar/coffee-quality-data-CQI,2026-09-24
cqi:arabica_2023:206,Brazil Minas Gerais Walter Matter,,Brazil,Minas Gerais,semi-washed,,false,,1,1,,,cqi,https://github.com/fatih-boyar/coffee-quality-data-CQI,2026-09-24
cqi:arabica_2023:21,Taiwan 卓溪鄉Zhuoxi Township 仲大叔咖啡莊園Uncle Chung.s Coffee Farm,,Taiwan,卓溪鄉Zhuoxi Township,natural,,false,,5,5,,,cqi,https://github.com/fatih-boyar/coffee-quality-data-CQI,2026-09-24
cqi:arabica_2023:22,Thailand Chiang Mai Hom Doi,,Thailand,Chiang Mai,honey,,false,,5,5,,,cqi,https://github.com/fatih-boyar/coffee-quality-data-CQI,2026-09-24
cqi:arabica_2023:23,Colombia Quindio El Diamante,,Colombia,Quindio,,,false,,5,4,,,cqi,https://github.com/fatih-boyar/coffee-quality-data-CQI,2026-09-24
cqi:arabica_2023:24,Taiwan Yunlin 永舜咖啡莊園,,Taiwan,Yunlin,washed,,false,,5,5,,,cqi,https://github.com/fatih-boyar/coffee-quality-data-CQI,2026-09-24
cqi:arabica_2023:25,Brazil Região Vulcânica Fazenda Recreio,,Brazil,Região Vulcânica,honey,,false,,5,5,,,cqi,https://github.com/fatih-boyar/coffee-quality-data-CQI,2026-09-24
cqi:arabica_2023:26,Taiwan Chiayi 鄒築園ZouZhouYuan,,Taiwan,Chiayi,natural,,false,,5,5,,,cqi,https://github.com/fatih-boyar/coffee-quality-data-CQI,2026-09-24
cqi:arabica_2023:27,Taiwan Yunlin 嵩岳咖啡莊園,,Taiwan,Yunlin,natural,,false,,5,3,,,cqi,https://github.com/fatih-boyar/coffee-quality-data-CQI,2026-09-24
cqi:arabica_2023:28,Taiwan Chiayi 他扶芽有機農園,,Taiwan,Chiayi,natural,,false,,5,4,,,cqi,https://github.com/fatih-boyar/coffee-quality-data-CQI,2026-09-24
cqi:arabica_2023:29,United States (Hawaii) Kona Hokukano Ranch,,United States,Kona,washed,,false,,5,4,,,cqi,https://github.com/fatih-boyar/coffee-quality-data-CQI,2026-09-24
cqi:arabica_2023:3,"Costa Rica Los Santos,Tarrazu La Cumbre",,Costa Rica,"Los Santos,Tarrazu",washed,,false,,5,5,,,cqi,https://github.com/fatih-boyar/coffee-quality-data-CQI,2026-09-24
cqi:arabica_2023:30,Taiwan 壽豐鄉Shoufeng Township 鄉庭有機農場Siang-Ting Organic Farm,,Taiwan,壽豐鄉Shoufeng Township,washed,,false,,5,4,,,cqi,https://github.com/fatih-boyar/coffee-quality-data-CQI,2026-09-24
cqi:arabica_2023:31,Taiwan 壽豐鄉Shoufeng Township 鄉庭有機農場Siang-Ting Organic Farm,,Taiwan,壽豐鄉Shoufeng Township,washed,,false,,5,5,,,cqi,https://github.com/fatih-boyar/coffee-quality-data-CQI,2026-09-24
cqi:arabica_2023:32,"Taiwan Dongshan Dist., Tainan City 金讚咖啡農莊園(Jinzan Coffee Estate)",,Taiwan,"Dongshan Dist., Tainan City",washed,,false,,5,4,,,cqi,https://github.com/fatih-boyar/coffee-quality-data-CQI,2026-09-24
cqi:arabica_2023:33,Ethiopia Oromia Eshetu farm,,Ethiopia,Oromia,washed,,false,,5,5,,,cqi,https://github.com/fatih-boyar/coffee-quality-data-CQI,2026-09-24
cqi:arabica_2023:34,Ethiopia Southern Ethiopia Guji Uraga Bisrat washing station,,Ethiopia,Southern Ethiopia Guji,natural,,false,,5,4,,,cqi,https://github.com/fatih-boyar/coffee-quality-data-CQI,2026-09-24
cqi:arabica_2023:35,Ethiopia OROMIA YHAENU PLC FARM,,Ethiopia,OROMIA,washed,,false,,5,5,,,cqi,https://github.com/fatih-boyar/coffee-quality-data-CQI,2026-09-24
cqi:arabica_2023:36,Taiwan Chiayi 卓武山咖啡農場,,Taiwan,Chiayi,washed,,false,,5,5,,,cqi,https://github.com/fatih-boyar/coffee-quality-data-CQI,2026-09-24
cqi:arabica_2023:37,"Taiwan Dongshan Dist., Tainan City 御香咖啡園 YU SIANG Coffee Estate",,Taiwan,"Dongshan Dist., Tainan City",honey,,false,,4,4,,,cqi,https://github.com/fatih-boyar/coffee-quality-data-CQI,2026-09-24
cqi:arabica_2023:38,Kenya Central Small Holder,,Kenya,Central,washed,,false,,3,5,,,cqi,https://github.com/fatih-boyar/coffee-quality-data-CQI,2026-09-24
cqi:arabica_2023:39,"Taiwan Caoling , Gukeng Township, Yunlin County 皇庭咖啡莊園",,Taiwan,"Caoling , Gukeng Township, Yunlin County",washed,,false,,5,5,,,cqi,https://github.com/fatih-boyar/coffee-quality-data-CQI,2026-09-24
cqi:arabica_2023:4,"Colombia Popayan,Cauca Finca Santuario",,Colombia,"Popayan,Cauca",honey,,false,,5,5,,,cqi,https://github.com/fatih-boyar/coffee-quality-data-CQI,2026-09-24
cqi:arabica_2023:40,Taiwan 秀林鄉Show Linxia Township 花蓮縣秀林鄉特用作物（咖啡）產銷第一班Agriculture Production and Marketing Groups of Hualien Shlin township special crop (coffee) 1st class,,Taiwan,秀林鄉Show Linxia Township,natural,,false,,5,4,,,cqi,https://github.com/fatih-boyar/coffee-quality-data-CQI,2026-09-24
cqi:arabica_2023:41,Taiwan 台灣屏東 八一高地,,Taiwan,台灣屏東,washed,,false,,4,5,,,cqi,https://github.com/fatih-boyar/coffee-quality-data-CQI,2026-09-24
cqi:arabica_2023:42,Taiwan 苗栗縣 香夾蘭莊園,,Taiwan,苗栗縣,washed,,false,,5,4,,,cqi,https://github.com/fatih-boyar/coffee-quality-data-CQI,2026-09-24
cqi:arabica_2023:43,Uganda Rwenzori Gideon Kule,,Uganda,Rwenzori,washed,,false,,4,4,,,cqi,https://github.com/fatih-boyar/coffee-quality-data-CQI,2026-09-24
cqi:arabica_2023:44,Taiwan 壽豐鄉Shoufeng Township 愛姬咖啡莊園iGfarm,,Taiwan,壽豐鄉Shoufeng Township,,,false,,5,3,,,cqi,https://github.com/fatih-boyar/coffee-quality-data-CQI,2026-09-24
cqi:arabica_2023:45,Taiwan Yunlin 青山坪咖啡農場,,Taiwan,Yunlin,natural,,false,,4,4,,,cqi,https://github.com/fatih-boyar/coffee-quality-data-CQI,2026-09-24
cqi:arabica_2023:46,Guatemala Antigua varias fincas,,Guatemala,Antigua,washed,,false,,5,5,,,cqi,https://github.com/fatih-boyar/coffee-quality-data-CQI,2026-09-24
cqi:arabica_2023:47,Guatemala Santa Rosa PEÑA BLANCA,,Guatemala,Santa Rosa,washed,,false,,5,5,,,cqi,https://github.com/fatih-boyar/coffee-quality-data-CQI,2026-09-24
cqi:arabica_2023:48,Guatemala quiche san francisco cotzal,,Guatemala,quiche,washed,,false,,5,4,,,cqi,https://github.com/fatih-boyar/coffee-quality-data-CQI,2026-09-24
cqi:arabica_2023:49,Taiwan 新竹縣 六曲窩,,Taiwan,新竹縣,washed,,false,,5,4,,,cqi,https://github.com/fatih-boyar/coffee-quality-data-CQI,2026-09-24
cqi:arabica_2023:5,Guatemala Chimaltenango La Colina,,Guatemala,Chimaltenango,washed,,false,,5,5,,,cqi,https://github.com/fatih-boyar/coffee-quality-data-CQI,2026-09-24
cqi:arabica_2023:50,Taiwan 新竹縣 北平山林,,Taiwan,新竹縣,natural,,false,,4,4,,,cqi,https://github.com/fatih-boyar/coffee-quality-data-CQI,2026-09-24
cqi:arabica_2023:51,Indonesia Aceh Tengah PT Indo CafCo North Sumatera,,Indonesia,Aceh Tengah,,,false,,5,5,,,cqi,https://github.com/fatih-boyar/coffee-quality-data-CQI,2026-09-24
cqi:arabica_2023:52,Peru Villa Rica Ruya Yayu Farm,,Peru,Villa Rica,washed,,false,,5,3,,,cqi,https://github.com/fatih-boyar/coffee-quality-data-CQI,2026-09-24
cqi:arabica_2023:53,"Tanzania, United Republic Of Mbeya IYENGA",,Tanzania,Mbeya,washed,,false,,5,5,,,cqi,https://github.com/fatih-boyar/coffee-quality-data-CQI,2026-09-24
cqi:arabica_2023:54,Taiwan Chiayi 優遊吧斯瑪翡咖啡莊園,,Taiwan,Chiayi,natural,,false,,4,5,,,cqi,https://github.com/fatih-boyar/coffee-quality-data-CQI,2026-09-24
cqi:arabica_2023:55,Taiwan Nantou 森悅高峰咖啡莊園,,Taiwan,Nantou,washed,,false,,5,4,,,cqi,https://github.com/fatih-boyar/coffee-quality-data-CQI,2026-09-24
cqi:arabica_2023:56,Brazil Campo das Vertentes Fazenda Guariroba,,Brazil,Campo das Vertentes,anaerobic,,false,,5,4,,,cqi,https://github.com/fatih-boyar/coffee-quality-data-CQI,2026-09-24
cqi:arabica_2023:57,Panama Boquete La Santa,,Panama,Boquete,washed,,false,,5,5,,,cqi,https://github.com/fatih-boyar/coffee-quality-data-CQI,2026-09-24
cqi:arabica_2023:58,Taiwan 台灣屏東 嵐雲綠海咖啡,,Taiwan,台灣屏東,honey,,false,,5,4,,,cqi,https://github.com/fatih-boyar/coffee-quality-data-CQI,2026-09-24
cqi:arabica_2023:59,Guatemala Huehuetenango Varias Fincas,,Guatemala,Huehuetenango,washed,,false,,5,5,,,cqi,https://github.com/fatih-boyar/coffee-quality-data-CQI,2026-09-24
cqi:arabica_2023:6,Taiwan Chiayi 野牡丹咖啡莊園 Melastoma Coffee Estate,,Taiwan,Chiayi,washed,,false,,5,5,,,cqi,https://github.com/fatih-boyar/coffee-quality-data-CQI,2026-09-24
cqi:arabica_2023:60,Guatemala ANTIGUA GUATEMALA SAN RAFAEL URIAS VALDES,,Guatemala,ANTIGUA GUATEMALA,natural,,false,,5,4,,,cqi,https://github.com/fatih-boyar/coffee-quality-data-CQI,2026-09-24
cqi:arabica_2023:61,Costa Rica Tarrazu Gamboa Farm,,Costa Rica,Tarrazu,washed,,false,,4,5,,,cqi,https://github.com/fatih-boyar/coffee-quality-data-CQI,2026-09-24
cqi:arabica_2023:62,Taiwan 新竹縣 羅馬8號莊園,,Taiwan,新竹縣,honey,,false,,4,4,,,cqi,https://github.com/fatih-boyar/coffee-quality-data-CQI,2026-09-24
cqi:arabica_2023:63,"Taiwan ( Dongshan Dist., Tainan City) 大鋤花間(Dachu Coffee Estate)",,Taiwan,"( Dongshan Dist., Tainan City)",honey,,false,,5,4,,,cqi,https://github.com/fatih-boyar/coffee-quality-data-CQI,2026-09-24
cqi:arabica_2023:64,Nicaragua ESTELI Finca Las Dos Marias,,Nicaragua,ESTELI,natural,,false,,4,5,,,cqi,https://github.com/fatih-boyar/coffee-quality-data-CQI,2026-09-24
cqi:arabica_2023:65,Taiwan Chiayi 雅慕伊咖啡莊園,,Taiwan,Chiayi,washed,,false,,4,4,,,cqi,https://github.com/fatih-boyar/coffee-quality-data-CQI,2026-09-24
cqi:arabica_2023:66,Taiwan Chiayi 名陽園,,Taiwan,Chiayi,natural,,false,,4,4,,,cqi,https://github.com/fatih-boyar/coffee-quality-data-CQI,2026-09-24
cqi:arabica_2023:67,Vietnam Quang Tri CupnCare,,Vietnam,Quang Tri,natural,,false,,4,3,,,cqi,https://github.com/fatih-boyar/coffee-quality-data-CQI,2026-09-24
cqi:arabica_2023:68,"Costa Rica Los Santos,Tarrazu La Cumbre",,Costa Rica,"Los Santos,Tarrazu",washed,,false,,5,4,,,cqi,https://github.com/fatih-boyar/coffee-quality-data-CQI,2026-09-24
cqi:arabica_2023:69,Taiwan 苗栗縣 苗55咖啡莊園,,Taiwan,苗栗縣,honey,,false,,4,4,,,cqi,https://github.com/fatih-boyar/coffee-quality-data-CQI,2026-09-24
cqi:arabica_2023:7,Taiwan Chiayi 七彩琉璃咖啡莊園 Chi Tsai Liu Li Ecological Farm,,Taiwan,Chiayi,natural,,false,,5,5,,,cqi,https://github.com/fatih-boyar/coffee-quality-data-CQI,2026-09-24
cqi:arabica_2023:70,"Honduras Centro, Lagunetillas-Ajuterique, Comayagua La Cuchilla",,Honduras,"Centro, Lagunetillas-Ajuterique, Comayagua",washed,,false,,4,4,,,cqi,https://github.com/fatih-boyar/coffee-quality-data-CQI,2026-09-24
cqi:arabica_2023:71,Ethiopia Ethiopia TRACON TRADING PLC,,Ethiopia,Ethiopia,washed,,false,,5,3,,,cqi,https://github.com/fatih-boyar/coffee-quality-data-CQI,2026-09-24
cqi:arabica_2023:72,Taiwan 玉里鎮Yuli Township 917農場 (917 Farm),,Taiwan,玉里鎮Yuli Township,natural,,false,,5,3,,,cqi,https://github.com/fatih-boyar/coffee-quality-data-CQI,2026-09-24
cqi:arabica_2023:73,Taiwan Yunlin 皇庭咖啡莊園,,Taiwan,Yunlin,washed,,false,,4,4,,,cqi,https://github.com/fatih-boyar/coffee-quality-data-CQI,2026-09-24
cqi:arabica_2023:74,Guatemala Huehuetenango Finca Alta Luz,,Guatemala,Huehuetenango,washed,,false,,4,5,,,cqi,https://github.com/fatih-boyar/coffee-quality-data-CQI,2026-09-24
cqi:arabica_2023:75,United States (Hawaii) Ka'u district of Big Island Miranda's Farm,,United States,Ka'u district of Big Island,washed,,false,,5,3,,,cqi,https://github.com/fatih-boyar/coffee-quality-data-CQI,2026-09-24
cqi:arabica_2023:76,Ethiopia Addis Ababa Bisrat Melaku Washing Station,,Ethiopia,Addis Ababa,natural,,false,,5,5,,,cqi,https://github.com/fatih-boyar/coffee-quality-data-CQI,2026-09-24
cqi:arabica_2023:77,El Salvador Chalatenango San Nicolas,,El Salvador,Chalatenango,honey,,false,,5,4,,,cqi,https://github.com/fatih-boyar/coffee-quality-data-CQI,2026-09-24
cqi:arabica_2023:78,Colombia Sierra Nevada de Santa Marta Asociacion Tayronaca,,Colombia,Sierra Nevada de Santa Marta,washed,,false,,4,5,,,cqi,https://github.com/fatih-boyar/coffee-quality-data-CQI,2026-09-24
cqi:arabica_2023:79,"Indonesia Lintong Nihuta/Dolok Sanggul,Sumatera Utara Lintong Nihuta/Dolok Sanggul,Sumatera Utara",,Indonesia,"Lintong Nihuta/Dolok Sanggul,Sumatera Utara",wet-hulled,,false,,5,4,,,cqi,https://github.com/fatih-boyar/coffee-quality-data-CQI,2026-09-24
cqi:arabica_2023:8,Taiwan Chiayi 亮軒咖啡莊園 Liang Xuan Coffee Farm,,Taiwan,Chiayi,washed,,false,,5,5,,,cqi,https://github.com/fatih-boyar/coffee-quality-data-CQI,2026-09-24
cqi:arabica_2023:80,Guatemala Atitlán San jose del lago,,Guatemala,Atitlán,washed,,false,,4,5,,,cqi,https://github.com/fatih-boyar/coffee-quality-data-CQI,2026-09-24
cqi:arabica_2023:81,Madagascar Itasy Mandroso,,Madagascar,Itasy,washed,,false,,4,3,,,cqi,https://github.com/fatih-boyar/coffee-quality-data-CQI,2026-09-24
cqi:arabica_2023:82,"Honduras Centro, Lagunetillas-Ajuterique, Comayagua La Cuchilla",,Honduras,"Centro, Lagunetillas-Ajuterique, Comayagua",washed,,false,,5,4,,,cqi,https://github.com/fatih-boyar/coffee-quality-data-CQI,2026-09-24
cqi:arabica_2023:83,Guatemala quiche san francisco cotzal,,Guatemala,quiche,washed,,false,,5,4,,,cqi,https://github.com/fatih-boyar/coffee-quality-data-CQI,2026-09-24
cqi:arabica_2023:84,Taiwan 新北市 竹崙子莊園,,Taiwan,新北市,honey,,false,,3,3,,,cqi,https://github.com/fatih-boyar/coffee-quality-data-CQI,2026-09-24
cqi:arabica_2023:85,Taiwan Yunlin 元富咖啡莊園,,Taiwan,Yunlin,natural,,false,,4,4,,,cqi,https://github.com/fatih-boyar/coffee-quality-data-CQI,2026-09-24
cqi:arabica_2023:86,Guatemala Oriente Santa rosa varias fincas,,Guatemala,Oriente Santa rosa,washed,,false,,5,4,,,cqi,https://github.com/fatih-boyar/coffee-quality-data-CQI,2026-09-24
cqi:arabica_2023:87,Guatemala Sierra de las minas varias fincas,,Guatemala,Sierra de las minas,washed,,false,,4,4,,,cqi,https://github.com/fatih-boyar/coffee-quality-data-CQI,2026-09-24
cqi:arabica_2023:88,"Honduras San Andrés, Lempira finca de la casa",,Honduras,"San Andrés, Lempira",honey,,false,,4,4,,,cqi,https://github.com/fatih-boyar/coffee-quality-data-CQI,2026-09-24
cqi:arabica_2023:89,"Tanzania, United Republic Of ARUSHA KONGONI ESTATE",,Tanzania,ARUSHA,washed,,false,,4,4,,,cqi,https://github.com/fatih-boyar/coffee-quality-data-CQI,2026-09-24
cqi:arabica_2023:9,"Tanzania, United Republic Of KILIMANJARO MASHIMA AMCOS",,Tanzania,KILIMANJARO,washed,,false,,5,5,,,cqi,https://github.com/fatih-boyar/coffee-quality-data-CQI,2026-09-24
cqi:arabica_2023:90,Ethiopia Sidama Ecom Agroindustrial,,Ethiopia,Sidama,washed,,false,,4,4,,,cqi,https://github.com/fatih-boyar/coffee-quality-data-CQI,2026-09-24
cqi:arabica_2023:91,"Tanzania, United Republic Of KILIMANJARO MASHIMA AMCOS",,Tanzania,KILIMANJARO,washed,,false,,5,4,,,cqi,https://github.com/fatih-boyar/coffee-quality-data-CQI,2026-09-24
cqi:arabica_2023:92,Colombia Huila COO,,Colombia,Huila,washed,,false,,5,4,,,cqi,https://github.com/fatih-boyar/coffee-quality-data-CQI,2026-09-24
cqi:arabica_2023:93,Costa Rica Tarrazu Gamboa Farm,,Costa Rica,Tarrazu,washed,,false,,4,4,,,cqi,https://github.com/fatih-boyar/coffee-quality-data-CQI,2026-09-24
cqi:arabica_2023:94,Guatemala New Oriente El Morito,,Guatemala,New Oriente,natural,,false,,4,4,,,cqi,https://github.com/fatih-boyar/coffee-quality-data-CQI,2026-09-24
cqi:arabica_2023:95,Guatemala Atitlán San jose del lago,,Guatemala,Atitlán,washed,,false,,4,4,,,cqi,https://github.com/fatih-boyar/coffee-quality-data-CQI,2026-09-24
cqi:arabica_2023:96,Thailand Nan Baan San Charoen,,Thailand,Nan,natural,,false,,4,4,,,cqi,https://github.com/fatih-boyar/coffee-quality-data-CQI,2026-09-24
cqi:arabica_2023:97,Colombia Pereira,,Colombia,Pereira,washed,,false,,4,4,,,cqi,https://github.com/fatih-boyar/coffee-quality-data-CQI,2026-09-24
cqi:arabica_2023:98,Guatemala HUEHUETENANGO FINCA ALTA LUZ,,Guatemala,HUEHUETENANGO,natural,,false,,4,4,,,cqi,https://github.com/fatih-boyar/coffee-quality-data-CQI,2026-09-24
cqi:arabica_2023:99,Guatemala ANTIGUA GUATEMALA SAN RAFAEL URIAS VALDES,,Guatemala,ANTIGUA GUATEMALA,washed,,false,,4,4,,,cqi,https://github.com/fatih-boyar/coffee-quality-data-CQI,2026-09-24
cqi:robusta_2018:0,Uganda sheema south western kyangundu cooperative society,,Uganda,sheema south western,,,false,,5,5,,,cqi,https://github.com/jldbc/coffee-quality-database,2026-09-24
cqi:robusta_2018:1,India chikmagalur karnataka indua sethuraman estate kaapi royale,,India,chikmagalur karnataka indua,washed,,false,,5,5,,,cqi,https://github.com/jldbc/coffee-quality-database,2026-09-24
cqi:robusta_2018:10,Uganda iganga namadrope eastern ugacof project area,,Uganda,iganga namadrope eastern,,,false,,5,3,,,cqi,https://github.com/jldbc/coffee-quality-database,2026-09-24
cqi:robusta_2018:11,India chikmagalur karnataka sethuraman estate kaapi royale,,India,chikmagalur karnataka,natural,,false,,3,4,,,cqi,https://github.com/jldbc/coffee-quality-database,2026-09-24
cqi:robusta_2018:12,India chikmagalur sethuraman estates,,India,chikmagalur,,,false,,3,4,,,cqi,https://github.com/jldbc/coffee-quality-database,2026-09-24
cqi:robusta_2018:13,Uganda eastern kasozi coffee farmers,,Uganda,eastern,,,false,,3,4,,,cqi,https://github.com/jldbc/coffee-quality-database,2026-09-24
cqi:robusta_2018:14,Uganda south western kyangundu coop society,,Uganda,south western,,,false,,3,4,,,cqi,https://github.com/jldbc/coffee-quality-database,2026-09-24
cqi:robusta_2018:15,India chikmagalur sethuraman estate,,India,chikmagalur,,,false,,4,3,,,cqi,https://github.com/jldbc/coffee-quality-database,2026-09-24
cqi:robusta_2018:16,India chikmagalur sethuraman estates,,India,chikmagalur,natural,,false,,5,4,,,cqi,https://github.com/jldbc/coffee-quality-database,2026-09-24
cqi:robusta_2018:17,Uganda western bushenyi,,Uganda,western,,,false,,4,4,,,cqi,https://github.com/jldbc/coffee-quality-database,2026-09-24
cqi:robusta_2018:18,Uganda western kigezi coffee farmers association,,Uganda,western,,,false,,4,3,,,cqi,https://github.com/jldbc/coffee-quality-database,2026-09-24
cqi:robusta_2018:19,Uganda southern mannya coffee project,,Uganda,southern,,,false,,3,4,,,cqi,https://github.com/jldbc/coffee-quality-database,2026-09-24
cqi:robusta_2018:2,India chikmagalur sethuraman estate,,India,chikmagalur,,,false,,5,5,,,cqi,https://github.com/jldbc/coffee-quality-database,2026-09-24
cqi:robusta_2018:20,India chikmagalur sethuraman estates,,India,chikmagalur,,,false,,2,3,,,cqi,https://github.com/jldbc/coffee-quality-database,2026-09-24
cqi:robusta_2018:21,India chikmagalur sethuraman estates,,India,chikmagalur,natural,,false,,5,2,,,cqi,https://github.com/jldbc/coffee-quality-database,2026-09-24
cqi:robusta_2018:22,United States chikmagalur sethuraman estates,,United States,chikmagalur,natural,,false,,2,2,,,cqi,https://github.com/jldbc/coffee-quality-database,2026-09-24
cqi:robusta_2018:23,"Ecuador san juan, playas robustasa",,Ecuador,"san juan, playas",,,false,,3,1,,,cqi,https://github.com/jldbc/coffee-quality-database,2026-09-24
cqi:robusta_2018:24,"Ecuador san juan, playas robustasa",,Ecuador,"san juan, playas",,,false,,4,1,,,cqi,https://github.com/jldbc/coffee-quality-database,2026-09-24
cqi:robusta_2018:25,"United States kwanza norte province, angola fazenda cazengo",,United States,"kwanza norte province, angola",natural,,false,,2,3,,,cqi,https://github.com/jldbc/coffee-quality-database,2026-09-24
cqi:robusta_2018:26,India,,India,,natural,,false,,1,1,,,cqi,https://github.com/jldbc/coffee-quality-database,2026-09-24
cqi:robusta_2018:27,Vietnam,,Vietnam,,natural,,false,,1,1,,,cqi,https://github.com/jldbc/coffee-quality-database,2026-09-24
cqi:robusta_2018:3,Uganda central ugacof project area,,Uganda,central,,,false,,4,5,,,cqi,https://github.com/jldbc/coffee-quality-database,2026-09-24
cqi:robusta_2018:4,Uganda luwero central region katikamu capca farmers association,,Uganda,luwero central region,,,false,,4,5,,,cqi,https://github.com/jldbc/coffee-quality-database,2026-09-24
cqi:robusta_2018:5,India chikmagalur,,India,chikmagalur,,,false,,5,4,,,cqi,https://github.com/jldbc/coffee-quality-database,2026-09-24
cqi:robusta_2018:6,India chikmagalur sethuraman estates,,India,chikmagalur,,,false,,5,5,,,cqi,https://github.com/jldbc/coffee-quality-database,2026-09-24
cqi:robusta_2018:7,India chikmagalur karnataka india sethuraman estate kaapi royale,,India,chikmagalur karnataka india,washed,,false,,4,5,,,cqi,https://github.com/jldbc/coffee-quality-database,2026-09-24
cqi:robusta_2018:8,India chikmagalur karnataka sethuraman estate,,India,chikmagalur karnataka,washed,,false,,5,5,,,cqi,https://github.com/jldbc/coffee-quality-database,2026-09-24
cqi:robusta_2018:9,Uganda western ishaka,,Uganda,western,,,false,,5,5,,,cqi,https://github.com/jldbc/coffee-quality-database,2026-09-24
roasters_kr:coffeelibre:3176,나이트호크,커피 리브레,,전국,,,false,,,,,,roasters_kr,https://coffeelibre.kr/product/detail.html?product_no=3176&cate_no=47&display_group=1,2026-09-26
roasters_kr:coffeelibre:481,장복,커피 리브레,,전국,,,false,,,,,,roasters_kr,https://coffeelibre.kr/product/detail.html?product_no=481&cate_no=47&display_group=1,2026-09-26
roasters_kr:coffeelibre:483,커피홀릭 1개월 200g,커피 리브레,,전국,,,false,,,,,,roasters_kr,https://coffeelibre.kr/product/detail.html?product_no=483&cate_no=47&display_group=1,2026-09-26
roasters_kr:coffeelibre:484,커피홀릭 3개월 200g,커피 리브레,,전국,,,false,,,,,,roasters_kr,https://coffeelibre.kr/product/detail.html?product_no=484&cate_no=47&display_group=1,2026-09-26
roasters_kr:coffeelibre:485,커피홀릭 6개월 200g,커피 리브레,,전국,,,false,,,,,,roasters_kr,https://coffeelibre.kr/product/detail.html?product_no=485&cate_no=47&display_group=1,2026-09-26
roasters_kr:coffeelibre:486,커피홀릭 1개월 500g,커피 리브레,,전국,,,false,,,,,,roasters_kr,https://coffeelibre.kr/product/detail.html?product_no=486&cate_no=47&display_group=1,2026-09-26
roasters_kr:coffeelibre:487,커피홀릭 3개월 500g,커피 리브레,,전국,,,false,,,,,,roasters_kr,https://coffeelibre.kr/product/detail.html?product_no=487&cate_no=47&display_group=1,2026-09-26
roasters_kr:coffeelibre:488,커피홀릭 6개월 500g,커피 리브레,,전국,,,false,,,,,,roasters_kr,https://coffeelibre.kr/product/detail.html?product_no=488&cate_no=47&display_group=1,2026-09-26
roasters_kr:coffeelibre:489,홈바리스타 1개월 200g,커피 리브레,,전국,,,false,,,,,,roasters_kr,https://coffeelibre.kr/product/detail.html?product_no=489&cate_no=47&display_group=1,2026-09-26
roasters_kr:coffeelibre:490,홈바리스타 3개월 200g,커피 리브레,,전국,,,false,,,,,,roasters_kr,https://coffeelibre.kr/product/detail.html?product_no=490&cate_no=47&display_group=1,2026-09-26
roasters_kr:coffeelibre:491,홈바리스타 6개월 200g,커피 리브레,,전국,,,false,,,,,,roasters_kr,https://coffeelibre.kr/product/detail.html?product_no=491&cate_no=47&display_group=1,2026-09-26
roasters_kr:coffeelibre:492,홈바리스타 1개월 500g,커피 리브레,,전국,,,false,,,,,,roasters_kr,https://coffeelibre.kr/product/detail.html?product_no=492&cate_no=47&display_group=1,2026-09-26
roasters_kr:coffeelibre:493,홈바리스타 3개월 500g,커피 리브레,,전국,,,false,,,,,,roasters_kr,https://coffeelibre.kr/product/detail.html?product_no=493&cate_no=47&display_group=1,2026-09-26
roasters_kr:coffeelibre:494,홈바리스타 6개월 500g,커피 리브레,,전국,,,false,,,,,,roasters_kr,https://coffeelibre.kr/product/detail.html?product_no=494&cate_no=47&display_group=1,2026-09-26
roasters_kr:coffeelibre:498,[대용량 원두] 울서울서울서 1kg,커피 리브레,,전국,,,false,,,,,,roasters_kr,https://coffeelibre.kr/product/detail.html?product_no=498&cate_no=47&display_group=1,2026-09-26
roasters_kr:coffeelibre:500,[대용량 원두] 배드블러드 1kg,커피 리브레,,전국,,,false,,,,,,roasters_kr,https://coffeelibre.kr/product/detail.html?product_no=500&cate_no=47&display_group=1,2026-09-26
roasters_kr:coffeelibre:7252,[골드문트] 니카라과 CoE 9위 핀카 리브레 에티오피아 [약배전],커피 리브레,Nicaragua,"누에바 세고비아, 모손테",washed,light,false,,,,,floral;peach;raisin,roasters_kr,https://coffeelibre.kr/product/detail.html?product_no=7252&cate_no=47&display_group=1,2026-09-26
roasters_kr:coffeelibre:7268,[골드문트] 과테말라 아구아 티비아 게이샤 [강배전],커피 리브레,Guatemala,산 호세 피눌라,washed,dark,false,,,,,,roasters_kr,https://coffeelibre.kr/product/detail.html?product_no=7268&cate_no=47&display_group=1,2026-09-26
roasters_kr:coffeelibre:7326,[대용량 원두] 노서프라이즈 1kg,커피 리브레,,전국,,,false,,,,,,roasters_kr,https://coffeelibre.kr/product/detail.html?product_no=7326&cate_no=47&display_group=1,2026-09-26
roasters_kr:coffeelibre:7327,[대용량 원두] 다크리브레 1kg,커피 리브레,,전국,,,false,,,,,,roasters_kr,https://coffeelibre.kr/product/detail.html?product_no=7327&cate_no=47&display_group=1,2026-09-26
roasters_kr:coffeelibre:7328,[대용량 원두] 버티고 1kg,커피 리브레,,전국,,,false,,,,,,roasters_kr,https://coffeelibre.kr/product/detail.html?product_no=7328&cate_no=47&display_group=1,2026-09-26
roasters_kr:coffeelibre:7329,[대용량 원두] 나이트호크 1kg,커피 리브레,,전국,,,false,,,,,,roasters_kr,https://coffeelibre.kr/product/detail.html?product_no=7329&cate_no=47&display_group=1,2026-09-26
roasters_kr:coffeelibre:7374,[골드문트] [디카페인] 에티오피아 예가체프 할로 베리티 내추럴,커피 리브레,Ethiopia,소농들,natural,,true,mountain-water,4,3,4,floral;peach;grape;caramelized,roasters_kr,https://coffeelibre.kr/product/detail.html?product_no=7374&cate_no=47&display_group=1,2026-09-26
roasters_kr:coffeelibre:790,배드블러드,커피 리브레,,전국,,,false,,,,,,roasters_kr,https://coffeelibre.kr/product/detail.html?product_no=790&cate_no=47&display_group=1,2026-09-26
roasters_kr:coffeelibre:791,노서프라이즈,커피 리브레,,전국,,,false,,,,,,roasters_kr,https://coffeelibre.kr/product/detail.html?product_no=791&cate_no=47&display_group=1,2026-09-26
roasters_kr:coffeelibre:793,버티고,커피 리브레,,전국,,,false,,,,,,roasters_kr,https://coffeelibre.kr/product/detail.html?product_no=793&cate_no=47&display_group=1,2026-09-26
roasters_kr:coffeelibre:794,다크리브레,커피 리브레,,전국,,,false,,,,,,roasters_kr,https://coffeelibre.kr/product/detail.html?product_no=794&cate_no=47&display_group=1,2026-09-26
roasters_kr:coffeelibre:8031,달그림자 블렌드 원두 200g,커피 리브레,,전국,,,false,,,,,,roasters_kr,https://coffeelibre.kr/product/detail.html?product_no=8031&cate_no=47&display_group=1,2026-09-26
roasters_kr:coffeelibre:8153,[싱글오리진] 온두라스 라스 나랑하스 파라이네마,커피 리브레,Honduras,"엘 파라이소, 트로헤스, 몬테 시나이",washed,,false,,4,3,4,floral;peach;orange,roasters_kr,https://coffeelibre.kr/product/detail.html?product_no=8153&cate_no=47&display_group=1,2026-09-26
roasters_kr:coffeelibre:8156,[VoO/싱글오리진] 베트남 푼 엑셀사 무산소 내추럴,커피 리브레,Vietnam,"꽝찌, 흐엉풍",anaerobic,,false,,4,3,3,winey;berry;black tea,roasters_kr,https://coffeelibre.kr/product/detail.html?product_no=8156&cate_no=47&display_group=1,2026-09-26
roasters_kr:coffeelibre:8159,[싱글오리진] 페루 라 카타라타 [중강배전],커피 리브레,Peru,"카하마르카, 하엔, 산 펠리페",washed,medium-dark,false,,4,3,4,prune;cherry;caramelized;chocolate,roasters_kr,https://coffeelibre.kr/product/detail.html?product_no=8159&cate_no=47&display_group=1,2026-09-26
roasters_kr:coffeelibre:8162,[골드문트] 코스타리카 엘사르 데 사르세로 산타 루시아 밀레니오 허니,커피 리브레,Costa Rica,"웨스트 벨리, 야노 보니또, 나랑호",honey,,false,,4,4,3,winey;prune;berry;cherry,roasters_kr,https://coffeelibre.kr/product/detail.html?product_no=8162&cate_no=47&display_group=1,2026-09-26
roasters_kr:coffeelibre:8165,[싱글오리진] 에티오피아 시다모 벤사 무라고 베켈레 카차라 내추럴,커피 리브레,Ethiopia,"시다모, 벤사, 무라고",natural,,false,,3,4,5,floral;blueberry;peach,roasters_kr,https://coffeelibre.kr/product/detail.html?product_no=8165&cate_no=47&display_group=1,2026-09-26
roasters_kr:fritz:2077,[프릳츠] Tamana Caturron Washed,프릳츠,Colombia,"엘 피탈, 우일라",washed,,false,,3,4,5,citrus fruit;honey;floral,roasters_kr,https://www.fritz.co.kr/product/detail.html?product_no=2077,2026-09-26
roasters_kr:fritz:2195,[프릳츠] Gedeb Chelbesa Washed,프릳츠,Ethiopia,게뎁 첼베사,washed,,false,,4,3,4,lemon;apple,roasters_kr,https://www.fritz.co.kr/product/detail.html?product_no=2195,2026-09-26
roasters_kr:fritz:2216,[프릳츠] Las Margaritas 26 SL28 Washed 100g,프릳츠,Costa Rica,"엘 피탈, 우일라",washed,,false,,3,3,4,blueberry;citrus fruit,roasters_kr,https://www.fritz.co.kr/product/detail.html?product_no=2216,2026-09-26
roasters_kr:fritz:2218,[프릳츠] Cafe de Altura Geisha Anaerobic Natural 100g,프릳츠,Costa Rica,웨스트 벨리,natural,,false,,4,3,4,lime;chocolate;cinnamon,roasters_kr,https://www.fritz.co.kr/product/detail.html?product_no=2218,2026-09-26
roasters_kr:fritz:91,[프릳츠] 올드독 200g,프릳츠,,,,,false,,,,,,roasters_kr,https://www.fritz.co.kr/product/detail.html?product_no=91,2026-09-26
roasters_kr:fritz:92,[프릳츠] 잘 되어 가시나 200g,프릳츠,,,,,false,,,,,,roasters_kr,https://www.fritz.co.kr/product/detail.html?product_no=92,2026-09-26
roasters_kr:fritz:93,[프릳츠] 서울 시네마 200g,프릳츠,,,,,false,,,,,,roasters_kr,https://www.fritz.co.kr/product/detail.html?product_no=93,2026-09-26
roasters_kr:fritz:982,[프릳츠] 디카페인 Decaffeinated 200g,프릳츠,Colombia,우일라,,,true,unknown,,,,chocolate;nutty;molasses,roasters_kr,https://www.fritz.co.kr/product/detail.html?product_no=982,2026-09-26
roasters_kr:namusairo:1039,우라가 무산소,나무사이로,Ethiopia,"구지, 우라가, 솔로모",anaerobic,medium,false,,,,,berry;grape,roasters_kr,https://namusairo.com/product/우라가-무산소/1039/category/91/display/1/,2026-09-26
roasters_kr:namusairo:1090,피크닉,나무사이로,Colombia,칼다스,,medium,false,,4,3,5,floral;cherry;pinapple,roasters_kr,https://namusairo.com/product/피크닉/1090/category/91/display/1/,2026-09-26
roasters_kr:namusairo:1093,녹음,나무사이로,Guatemala,Guatemala · Kenya · Mexico,,dark,false,,,4,4,prune;cocoa;molasses,roasters_kr,https://namusairo.com/product/녹음/1093/category/91/display/1/,2026-09-26
roasters_kr:namusairo:1096,실속형.녹음,나무사이로,Guatemala,Guatemala · Kenya · Mexico,,dark,false,,,4,4,prune;cocoa;molasses,roasters_kr,https://namusairo.com/product/실속형녹음/1096/category/91/display/1/,2026-09-26
roasters_kr:namusairo:1114,그리니,나무사이로,Ethiopia,구지,washed,medium,false,,,,,peach;cherry;vanilla,roasters_kr,https://namusairo.com/product/그리니/1114/category/91/display/1/,2026-09-26
roasters_kr:namusairo:1123,PiCK! 고소,나무사이로,,,,,false,,,,,,roasters_kr,https://namusairo.com/product/pick-고소/1123/category/91/display/1/,2026-09-26
roasters_kr:namusairo:1124,게뎁 무산소,나무사이로,Ethiopia,게뎁,anaerobic,medium,false,,4,3,4,strawberry,roasters_kr,https://namusairo.com/product/게뎁-무산소/1124/category/91/display/1/,2026-09-26
roasters_kr:namusairo:1126,실속형.게뎁 무산소,나무사이로,Ethiopia,게뎁,anaerobic,,false,,4,3,4,strawberry,roasters_kr,https://namusairo.com/product/실속형게뎁-무산소/1126/category/91/display/1/,2026-09-26
roasters_kr:namusairo:1127,실속형.우라가 무산소,나무사이로,Ethiopia,"구지, 우라가, 솔로모",anaerobic,medium,false,,4,3,3,berry;grape,roasters_kr,https://namusairo.com/product/실속형우라가-무산소/1127/category/91/display/1/,2026-09-26
roasters_kr:namusairo:1132,기티투 AB,나무사이로,Kenya,"키암부, 기툰두리 인근",,medium,false,,3,2,4,winey,roasters_kr,https://namusairo.com/product/기티투-ab/1132/category/91/display/1/,2026-09-26
roasters_kr:namusairo:1134,실속형.기티투 AB,나무사이로,Kenya,"키암부, 기툰두리 인근",,medium,false,,3,3,4,winey,roasters_kr,https://namusairo.com/product/실속형기티투-ab/1134/category/91/display/1/,2026-09-26
roasters_kr:namusairo:1135,라레세르바 카투라 치로소,나무사이로,Colombia,안티오키아 볼리바르,anaerobic,medium,false,,,,4,floral;peach;herb-like;coconut,roasters_kr,https://namusairo.com/product/라레세르바-카투라-치로소/1135/category/91/display/1/,2026-09-26
roasters_kr:namusairo:1136,라에스메랄다 게샤,나무사이로,Colombia,"팔레스티나, 우일라",washed,light,false,,4,,,citrus fruit;lime,roasters_kr,https://namusairo.com/product/라에스메랄다-게샤/1136/category/91/display/1/,2026-09-26
roasters_kr:namusairo:1137,볼리바르 내추럴,나무사이로,Colombia,안티오키아 볼리바르,natural,medium,false,,,4,3,strawberry;prune;grape;winey,roasters_kr,https://namusairo.com/product/볼리바르-내추럴/1137/category/91/display/1/,2026-09-26
roasters_kr:namusairo:1146,"숨,결",나무사이로,Ethiopia,Hambela Guji ·Yirgacheffe · Huehuetenango,,dark,false,,3,4,4,blueberry;citrus fruit;brown sugar,roasters_kr,https://namusairo.com/product/숨결/1146/category/91/display/1/,2026-09-26
roasters_kr:namusairo:183,위,나무사이로,Guatemala,Guatemala · Ethiopia,,medium,false,,,4,3,peach;vanilla,roasters_kr,https://namusairo.com/product/위/183/category/91/display/1/,2026-09-26
roasters_kr:namusairo:27,숲,나무사이로,Ethiopia,Ethiopia · Brazil,,dark,false,,4,3,4,peanuts;cocoa;lemon,roasters_kr,https://namusairo.com/product/숲/27/category/91/display/1/,2026-09-26
roasters_kr:namusairo:28,다크우드,나무사이로,Ethiopia,Ethiopia · Guatemala,,dark,false,,,,,berry;chocolate,roasters_kr,https://namusairo.com/product/다크우드/28/category/91/display/1/,2026-09-26
roasters_kr:namusairo:29,풍요로운 땅,나무사이로,Brazil,Brazil · Colombia · Guatemala,,dark,false,,3,4,5,chocolate;peanuts;caramelized;orange;brown sugar,roasters_kr,https://namusairo.com/product/풍요로운-땅/29/category/91/display/1/,2026-09-26
roasters_kr:namusairo:30,날아올라,나무사이로,Ethiopia,구지,washed,light,false,,,,4,jasmine;berry,roasters_kr,https://namusairo.com/product/날아올라/30/category/91/display/1/,2026-09-26
roasters_kr:namusairo:345,브릴리,나무사이로,Brazil,미나스제라이스,natural,dark,false,,,,,vanilla;nutty;chocolate,roasters_kr,https://namusairo.com/product/브릴리/345/category/91/display/1/,2026-09-26
roasters_kr:namusairo:41,와이칸,나무사이로,Guatemala,우에우에테낭고,,dark,false,,4,,,cocoa;dark chocolate,roasters_kr,https://namusairo.com/product/와이칸/41/category/91/display/1/,2026-09-26
roasters_kr:namusairo:42,와이칸 다크,나무사이로,Guatemala,우에우에테낭고,,dark,false,,,,4,dark chocolate;cherry;caramelized,roasters_kr,https://namusairo.com/product/와이칸-다크/42/category/91/display/1/,2026-09-26
roasters_kr:namusairo:484,봄의 제전,나무사이로,Ethiopia,벤티넨카,anaerobic,medium,false,,,,,blueberry;raspberry;rose,roasters_kr,https://namusairo.com/product/봄의-제전/484/category/91/display/1/,2026-09-26
roasters_kr:namusairo:522,몽상스,나무사이로,Kenya,키리냐가,,dark,false,,3,4,5,orange;caramelized;chocolate,roasters_kr,https://namusairo.com/product/몽상스/522/category/91/display/1/,2026-09-26
roasters_kr:namusairo:658,[추석맞이] 내가 좋아하는 너는 언제나,나무사이로,Colombia,"킨디오, 피하오",anaerobic,light,false,,3,4,4,citrus fruit;peach,roasters_kr,https://namusairo.com/product/추석맞이-내가-좋아하는-너는-언제나/658/category/91/display/1/,2026-09-26
roasters_kr:namusairo:763,프렌치,나무사이로,Guatemala,Guatemala · India · Nicaragua · Ethiopia,,dark,false,,,5,4,dark chocolate;almonds;brown sugar,roasters_kr,https://namusairo.com/product/프렌치/763/category/91/display/1/,2026-09-26
roasters_kr:namusairo:828,디카프리오,나무사이로,Mexico,"베라크루스, 오아하카, 치아파스",washed,dark,true,mountain-water,,,5,cocoa;caramelized;nutty;honey,roasters_kr,https://namusairo.com/product/디카프리오/828/category/91/display/1/,2026-09-26
roasters_kr:namusairo:854,PiCK! 숲,나무사이로,,,,,false,,,,,,roasters_kr,https://namusairo.com/product/pick-숲/854/category/91/display/1/,2026-09-26
roasters_kr:onekgcoffee:1000000688,싱글오리진 디카페인 콜롬비아 슈가케인 원두,1킬로커피,Colombia,,,medium,true,sugarcane-ea,,,,,roasters_kr,https://www.1kgcoffee.co.kr/goods/goods_view.php?goodsNo=1000000688,2026-09-26
roasters_kr:onekgcoffee:1000000689,싱글오리진 디카페인 과테말라 원두,1킬로커피,Guatemala,,,medium,true,mountain-water,,,,,roasters_kr,https://www.1kgcoffee.co.kr/goods/goods_view.php?goodsNo=1000000689,2026-09-26
roasters_kr:onekgcoffee:1000000690,싱글오리진 디카페인 에티오피아 원두,1킬로커피,Ethiopia,,,medium,true,mountain-water,,,,,roasters_kr,https://www.1kgcoffee.co.kr/goods/goods_view.php?goodsNo=1000000690,2026-09-26
roasters_kr:onekgcoffee:1000000691,싱글오리진 우간다 원두,1킬로커피,Uganda,,,medium-dark,false,,,,,,roasters_kr,https://www.1kgcoffee.co.kr/goods/goods_view.php?goodsNo=1000000691,2026-09-26
roasters_kr:onekgcoffee:1000000692,싱글오리진 케냐 AA TOP 원두,1킬로커피,Kenya,,,medium-dark,false,,,,,,roasters_kr,https://www.1kgcoffee.co.kr/goods/goods_view.php?goodsNo=1000000692,2026-09-26
roasters_kr:onekgcoffee:1000000693,싱글오리진 케냐 AA FAQ 원두,1킬로커피,Kenya,,,medium,false,,,,,,roasters_kr,https://www.1kgcoffee.co.kr/goods/goods_view.php?goodsNo=1000000693,2026-09-26
roasters_kr:onekgcoffee:1000000694,싱글오리진 에티오피아 예가체프 G1 원두,1킬로커피,Ethiopia,,,medium,false,,,,,,roasters_kr,https://www.1kgcoffee.co.kr/goods/goods_view.php?goodsNo=1000000694,2026-09-26
roasters_kr:onekgcoffee:1000000695,싱글오리진 에티오피아 예가체프 G2 원두,1킬로커피,Ethiopia,,,medium,false,,,,,,roasters_kr,https://www.1kgcoffee.co.kr/goods/goods_view.php?goodsNo=1000000695,2026-09-26
roasters_kr:onekgcoffee:1000000696,싱글오리진 온두라스 SHG 원두,1킬로커피,Honduras,,,medium-dark,false,,,,,,roasters_kr,https://www.1kgcoffee.co.kr/goods/goods_view.php?goodsNo=1000000696,2026-09-26
roasters_kr:onekgcoffee:1000000697,싱글오리진 탄자니아 AA 원두,1킬로커피,Tanzania,,,medium,false,,,,,,roasters_kr,https://www.1kgcoffee.co.kr/goods/goods_view.php?goodsNo=1000000697,2026-09-26
roasters_kr:onekgcoffee:1000000698,싱글오리진 브라질 옐로우 버본 원두,1킬로커피,Brazil,,,medium,false,,,,,,roasters_kr,https://www.1kgcoffee.co.kr/goods/goods_view.php?goodsNo=1000000698,2026-09-26
roasters_kr:onekgcoffee:1000000699,싱글오리진 브라질 세하도 원두,1킬로커피,Brazil,,,medium-dark,false,,,,,,roasters_kr,https://www.1kgcoffee.co.kr/goods/goods_view.php?goodsNo=1000000699,2026-09-26
roasters_kr:onekgcoffee:1000000700,싱글오리진 코스타리카 SHB 원두,1킬로커피,Costa Rica,,,medium-dark,false,,,,,,roasters_kr,https://www.1kgcoffee.co.kr/goods/goods_view.php?goodsNo=1000000700,2026-09-26
roasters_kr:onekgcoffee:1000000701,싱글오리진 과테말라 SHB 원두,1킬로커피,Guatemala,,,medium-dark,false,,,,,,roasters_kr,https://www.1kgcoffee.co.kr/goods/goods_view.php?goodsNo=1000000701,2026-09-26
roasters_kr:onekgcoffee:1000000702,싱글오리진 콜롬비아 수프리모 원두,1킬로커피,Colombia,,,medium-dark,false,,,,,,roasters_kr,https://www.1kgcoffee.co.kr/goods/goods_view.php?goodsNo=1000000702,2026-09-26
roasters_kr:onekgcoffee:1000000703,싱글오리진 베트남 로부스타 원두,1킬로커피,Vietnam,,,medium-dark,false,,,,,,roasters_kr,https://www.1kgcoffee.co.kr/goods/goods_view.php?goodsNo=1000000703,2026-09-26
roasters_kr:onekgcoffee:1000000704,싱글오리진 파푸아뉴기니 원두,1킬로커피,Papua New Guinea,,,medium,false,,,,,,roasters_kr,https://www.1kgcoffee.co.kr/goods/goods_view.php?goodsNo=1000000704,2026-09-26
roasters_kr:onekgcoffee:1000000705,싱글오리진 인도네시아 만델링 G1 원두,1킬로커피,Indonesia,,,medium-dark,false,,,,,,roasters_kr,https://www.1kgcoffee.co.kr/goods/goods_view.php?goodsNo=1000000705,2026-09-26
roasters_kr:onekgcoffee:1000000708,싱글오리진 인도 몬순 원두,1킬로커피,India,,,dark,false,,,,,,roasters_kr,https://www.1kgcoffee.co.kr/goods/goods_view.php?goodsNo=1000000708,2026-09-26
roasters_kr:onekgcoffee:1000000709,싱글오리진 유기농 에티오피아 원두,1킬로커피,Ethiopia,,,medium,false,,,,,,roasters_kr,https://www.1kgcoffee.co.kr/goods/goods_view.php?goodsNo=1000000709,2026-09-26
roasters_kr:onekgcoffee:1000000710,싱글오리진 케냐 피베리 원두,1킬로커피,Kenya,,,medium,false,,,,,,roasters_kr,https://www.1kgcoffee.co.kr/goods/goods_view.php?goodsNo=1000000710,2026-09-26
roasters_kr:onekgcoffee:1000000711,싱글오리진 멕시코 치아파스 원두,1킬로커피,Mexico,,,medium,false,,,,,,roasters_kr,https://www.1kgcoffee.co.kr/goods/goods_view.php?goodsNo=1000000711,2026-09-26
roasters_kr:onekgcoffee:1000000712,싱글오리진 르완다 버본 원두,1킬로커피,Rwanda,,,medium-dark,false,,,,,,roasters_kr,https://www.1kgcoffee.co.kr/goods/goods_view.php?goodsNo=1000000712,2026-09-26
roasters_kr:onekgcoffee:1000000713,싱글오리진 르완다 공정무역 원두,1킬로커피,Rwanda,,,medium,false,,,,,,roasters_kr,https://www.1kgcoffee.co.kr/goods/goods_view.php?goodsNo=1000000713,2026-09-26
roasters_kr:onekgcoffee:1000000714,카페블렌딩 원두 디카페인,1킬로커피,Guatemala,"과테말라산, 에티오피아산, 콜롬비아",,medium,true,sugarcane-ea,,,,,roasters_kr,https://www.1kgcoffee.co.kr/goods/goods_view.php?goodsNo=1000000714,2026-09-26
roasters_kr:onekgcoffee:1000000715,카페블렌딩 원두 아카펠라,1킬로커피,Guatemala,"과테말라산, 인도네시아, 브라질산, 콜롬비아",,dark,false,,,,,,roasters_kr,https://www.1kgcoffee.co.kr/goods/goods_view.php?goodsNo=1000000715,2026-09-26
roasters_kr:onekgcoffee:1000000716,카페블렌딩 원두 60,1킬로커피,Ethiopia,"에티오피아산, 콜롬비아산, 브라질산, 인도네시아",,medium-dark,false,,,,,,roasters_kr,https://www.1kgcoffee.co.kr/goods/goods_view.php?goodsNo=1000000716,2026-09-26
roasters_kr:onekgcoffee:1000000717,카페블렌딩 원두 50,1킬로커피,Brazil,"브라질산, 콜롬비아산, 베트남",,medium-dark,false,,,,,,roasters_kr,https://www.1kgcoffee.co.kr/goods/goods_view.php?goodsNo=1000000717,2026-09-26
roasters_kr:onekgcoffee:1000000718,카페블렌딩 원두 구수,1킬로커피,Brazil,"브라질산, 콜롬비아산, 인도네시아산, 르완다",,medium-dark,false,,,,,,roasters_kr,https://www.1kgcoffee.co.kr/goods/goods_view.php?goodsNo=1000000718,2026-09-26
roasters_kr:onekgcoffee:1000000719,카페블렌딩 원두 희망,1킬로커피,Brazil,"브라질산, 콜롬비아산, 과테말라",,medium-dark,false,,,,,,roasters_kr,https://www.1kgcoffee.co.kr/goods/goods_view.php?goodsNo=1000000719,2026-09-26
roasters_kr:onekgcoffee:1000000720,카페블렌딩 원두 달달,1킬로커피,Brazil,"브라질산, 콜롬비아산, 르완다",,medium,false,,,,,,roasters_kr,https://www.1kgcoffee.co.kr/goods/goods_view.php?goodsNo=1000000720,2026-09-26
roasters_kr:onekgcoffee:1000000721,카페블렌딩 원두 상콤,1킬로커피,Brazil,"브라질산, 에티오피아산, 르완다",,medium,false,,,,,,roasters_kr,https://www.1kgcoffee.co.kr/goods/goods_view.php?goodsNo=1000000721,2026-09-26
roasters_kr:onekgcoffee:1000000722,카페블렌딩 원두 버보니아,1킬로커피,Brazil,"브라질산, 코스타리카산, 인도네시아",,medium,false,,,,,,roasters_kr,https://www.1kgcoffee.co.kr/goods/goods_view.php?goodsNo=1000000722,2026-09-26
roasters_kr:onekgcoffee:1000000723,카페블렌딩 원두 더치 설렘,1킬로커피,Brazil,"브라질산, 콜롬비아산, 르완다산, 케냐",,medium-dark,false,,,,,,roasters_kr,https://www.1kgcoffee.co.kr/goods/goods_view.php?goodsNo=1000000723,2026-09-26
roasters_kr:onekgcoffee:1000000724,버보니아 스위트 블렌드 원두,1킬로커피,Brazil,"브라질산, 코스타리카산, 에티오피아산, 인도네시아",,medium-dark,false,,,,,,roasters_kr,https://www.1kgcoffee.co.kr/goods/goods_view.php?goodsNo=1000000724,2026-09-26
roasters_kr:onekgcoffee:1000000728,싱글오리진 에티오피아 코케허니 G1 원두,1킬로커피,Ethiopia,,honey,medium,false,,,,,,roasters_kr,https://www.1kgcoffee.co.kr/goods/goods_view.php?goodsNo=1000000728,2026-09-26
roasters_kr:onekgcoffee:1000000729,싱글오리진 엘살바도르 SHG 원두,1킬로커피,El Salvador,,,medium,false,,,,,,roasters_kr,https://www.1kgcoffee.co.kr/goods/goods_view.php?goodsNo=1000000729,2026-09-26
shopify:kr.bluebottlecoffee.com:bella-donovan,벨라 도노반,Blue Bottle Coffee,Ethiopia,,natural,,false,,,4,3,berry;chocolate;dark chocolate,shopify,https://kr.bluebottlecoffee.com/products/bella-donovan,2026-09-24
shopify:kr.bluebottlecoffee.com:blend-box,시그니처 블렌드 세트,Blue Bottle Coffee,,,,,false,,,,,cereal;nutty;chocolate,shopify,https://kr.bluebottlecoffee.com/products/blend-box,2026-09-24
shopify:kr.bluebottlecoffee.com:giant-steps,자이언트 스텝스,Blue Bottle Coffee,,,,dark,false,,,,4,chocolate;caramelized;whiskey,shopify,https://kr.bluebottlecoffee.com/products/giant-steps,2026-09-24
shopify:kr.bluebottlecoffee.com:hayes-valley-espresso,헤이즈 벨리 에스프레소,Blue Bottle Coffee,,,,,false,,,4,4,chocolate;caramelized;nutty;sweet aromatics;brown sugar;vanilla,shopify,https://kr.bluebottlecoffee.com/products/hayes-valley-espresso,2026-09-24
shopify:kr.bluebottlecoffee.com:human-made-future-blend,휴먼 메이드 퓨처 블렌드,Blue Bottle Coffee,Ethiopia,,natural,,false,,3,4,4,berry;caramelized;chocolate;cocoa;floral;sweet aromatics,shopify,https://kr.bluebottlecoffee.com/products/human-made-future-blend,2026-09-24
shopify:kr.bluebottlecoffee.com:human-made-past-blend,휴먼 메이드 패스트 블렌드,Blue Bottle Coffee,Ethiopia,,natural,light,false,,3,4,4,blackberry;chocolate;maple syrup;caramelized,shopify,https://kr.bluebottlecoffee.com/products/human-made-past-blend,2026-09-24
shopify:kr.bluebottlecoffee.com:night-light-decaf,나이트 라이트 디카페인,Blue Bottle Coffee,,,,medium,true,unknown,,4,5,caramelized;molasses;sweet aromatics,shopify,https://kr.bluebottlecoffee.com/products/night-light-decaf,2026-09-24
shopify:kr.bluebottlecoffee.com:rwanda-nyamasheke-nyabumera-natural,르완다 냐마셰케 냐부메라 내추럴,Blue Bottle Coffee,Rwanda,,natural,,false,,4,4,5,floral;raisin;berry;cherry;overall sweet;citrus fruit,shopify,https://kr.bluebottlecoffee.com/products/rwanda-nyamasheke-nyabumera-natural,2026-09-24
shopify:kr.bluebottlecoffee.com:three-africas,쓰리 아프리카스,Blue Bottle Coffee,,,,dark,false,,3,4,4,berry;citrus fruit;cherry;overall sweet;dark green;fresh,shopify,https://kr.bluebottlecoffee.com/products/three-africas,2026-09-24
